iso_time	round	variant	split	simple	weighted	T	S	L	M	Q	R	files_per_s	notes
2026-09-24T04:00:00Z	1	pycsv	all	9.7242	9.4365	7.9645	9.4574	9.7265	9.7536	9.7327	9.6650	125.4	reproduce README Python csv 3.10.5 9.721/9.436; here py3.11 csv.Sniffer; 450 files differ from published, net -0.003
2026-09-24T04:00:00Z	1	pycsv	dev	9.7300	9.3919	8.9077	9.8785	9.7260	9.7542	9.7328	9.6325		derived from the official all-files per-file measures
2026-09-24T04:00:00Z	1	pycsv	heldout	9.7178	9.4810	6.8640	8.9311	9.7271	9.7529	9.7326	9.7007		derived from the official all-files per-file measures; REPORT-ONLY
2026-09-24T04:00:00Z	1	pandas-3.0.6	all	9.8848	7.9090	8.4741	5.8731	9.9226	9.9216	9.8912	9.8412	528.6	reproduce README Pandas 1.4.3 9.895/9.431; pandas>=1.5 no longer sniffs delimiter=None -> 4 delimiter files score 1.0 (0x3B = 18.7% weight); 2283/2290 files identical to published
2026-09-24T04:00:00Z	1	pandas-3.0.6	dev	9.8825	6.0735	9.5081	4.6404	9.9345	9.9038	9.9015	9.7586		derived from the official all-files per-file measures
2026-09-24T04:00:00Z	1	pandas-3.0.6	heldout	9.8873	9.7428	7.2678	7.4140	9.9095	9.9412	9.8797	9.9321		derived from the official all-files per-file measures; REPORT-ONLY
2026-09-24T04:00:00Z	1	pandas-1.5.3	all	9.8848	7.9090	8.4741	5.8731	9.9226	9.9216	9.8912	9.8412	789.2	same as pandas-3.0.6 (identical per file); closest py3.11 wheel to 1.4.3
2026-09-24T04:00:00Z	1	pandas-1.5.3	dev	9.8825	6.0735	9.5081	4.6404	9.9345	9.9038	9.9015	9.7586		derived from the official all-files per-file measures
2026-09-24T04:00:00Z	1	pandas-1.5.3	heldout	9.8873	9.7428	7.2678	7.4140	9.9095	9.9412	9.8797	9.9321		derived from the official all-files per-file measures; REPORT-ONLY
2026-09-24T04:00:00Z	1	clevercs	all	9.1931	9.4539	8.9044	7.8024	9.9615	9.9962	7.6489	9.9087	16.9	reproduce README CleverCSV 0.7.4 9.193/9.453: EXACT, 0 files differ
2026-09-24T04:00:00Z	1	clevercs	dev	9.1825	9.1452	9.1151	7.4011	9.9627	9.9969	7.6213	9.8766		derived from the official all-files per-file measures
2026-09-24T04:00:00Z	1	clevercs	heldout	9.2047	9.7622	8.6585	8.3041	9.9603	9.9955	7.6793	9.9440		derived from the official all-files per-file measures; REPORT-ONLY
2026-09-24T04:00:00Z	1	duckdbparse	all	9.9615	9.5997	9.3831	9.4899	9.9661	10.0000	9.9377	9.9329	1209.0	reproduce README DuckDB 1.2 9.961/9.599 (duckdb 1.2.2, told true dialect+header): EXACT, 0 files differ
2026-09-24T04:00:00Z	1	duckdbparse	dev	9.9641	9.3552	9.5663	9.9351	9.9655	10.0000	9.9379	9.9337		derived from the official all-files per-file measures
2026-09-24T04:00:00Z	1	duckdbparse	heldout	9.9586	9.8439	9.1695	8.9333	9.9669	10.0000	9.9374	9.9321		derived from the official all-files per-file measures; REPORT-ONLY
2026-09-24T04:00:00Z	1	duckdbauto	all	9.0213	8.4400	8.2548	7.4377	9.1734	9.1344	8.7393	9.6124	159.5	reproduce README DuckDB 1.2 Auto 9.075/8.439 (duckdb 1.2.2 vs 1.2 --pre): 69 row_extra_quote files differ, simple -0.054
2026-09-24T04:00:00Z	1	duckdbauto	dev	9.0292	7.9271	8.1013	8.0989	9.1829	9.1293	8.7601	9.5748		derived from the official all-files per-file measures
2026-09-24T04:00:00Z	1	duckdbauto	heldout	9.0125	8.9524	8.4339	6.6113	9.1628	9.1400	8.7165	9.6538		derived from the official all-files per-file measures; REPORT-ONLY
2026-09-24T04:00:00Z	1	c0-csvsniff	all	9.7254	9.9843	9.9907	9.5698	9.9612	9.9962	9.4067	8.2444	77.2	c0 floor: csv module + own dialect grid (CleverCSV-style Q=P*T) + preamble/multirow-header/multitable rules; no row repair
2026-09-24T04:00:00Z	1	c0-csvsniff	dev	9.7245	9.9911	10.0000	9.9403	9.9623	9.9969	9.3850	8.3582		derived from the official all-files per-file measures
2026-09-24T04:00:00Z	1	c0-csvsniff	heldout	9.7263	9.9776	9.9799	9.1066	9.9599	9.9955	9.4306	8.1192		derived from the official all-files per-file measures; REPORT-ONLY
2026-09-24T03:59:24Z	1	c0-csvsniff	dev	9.7245	9.9911	10.0000	9.9403	9.9623	9.9969	9.3850	8.3582	77.2	official dev run (= derived); files/s from the all-files run; the reference row for round 2
2026-09-24T04:19:59Z	2	c1-strayquote	dev	9.9275	9.9921	10.0000	9.9403	9.9623	9.9969	10.0000	8.3582	71.5	H1 stray quote as literal: records with broken QUOTING (strict csv error or abnormal multi-line span) re-parsed with one field-opening quote literalised; accept exactly-W strict-clean line that lowers broken records in a 200-line window. Q 396/396 perfect; 0 files worse
2026-09-24T04:13:57Z	2	c1-strayquote(v1,width-triggered)	dev	9.9255	9.9917	10.0000	9.9403	9.9555	9.9969	10.0000	8.3582	71.0	REJECTED variant (not recorded at run time; appended after): repair also triggered by width alone -> 154 row_less_sep files worse (L -0.0068 > 0.002 limit; a narrow clean row padded to W by un-quoting a 1-comma description). Superseded by the quote-evidence trigger
2026-09-24T04:36:14Z	2	c0-csvsniff	external										REPORT-ONLY external dialect guard, 800 CSV Wrangling test files (539 messy): delim 97.1 quote 98.0 escape 99.1 FULL 95.2 (messy 93.1) header 67.4 (60/89 blind labels) fails 0
2026-09-24T04:36:14Z	2	c1-strayquote	external										REPORT-ONLY external: identical dialect/header to c0 (sniffer unchanged); load() output differs from c0 on 5/800 files (2 read better, 2 worse: text/padding after a closing quote literalised, 1 garbage both ways)
2026-09-24T04:36:14Z	2	csv.Sniffer	external										REPORT-ONLY external: delim 87.1 quote 94.2 escape 95.5 FULL 86.2 (messy 82.9) header 76.4 fails 32
2026-09-24T04:36:14Z	2	clevercsv-0.7.4	external										REPORT-ONLY external: delim 97.5 quote 98.5 escape 99.9 FULL 97.1 (messy 95.7) header 76.4 fails 0
2026-09-24T04:36:14Z	2	duckdb-1.2-sniff_csv	external										REPORT-ONLY external: delim 73.2 quote 78.2 escape 80.6 FULL 71.6 (messy 58.1) header 64.0 fails 146 (145 non-UTF-8); on the 654 files it reads: FULL 87.6 vs ours 94.8 CleverCSV 96.6 Sniffer 85.0
2026-09-24T04:47:10Z	3	c2-rowdelim	dev	9.9877	9.9968	10.0000	9.9403	9.9623	9.9969	10.0000	10.0000	68.8	H2 per-row delimiter: a record narrower than W under the file delimiter that splits quote-aware on another delimiter into >=W clean fields (no unquoted file-delimiter) is re-split; surplus tokens merged by DP over this file's per-column shape profile (quoted token = whole field); data rows must fit the profile (<=1 unseen column shape), first record needs a unique admissible split + W-wide next record + header_like; rewritten in file dialect before H1. R 44/44 perfect; 44 files up, 0 worse. Ambiguity: 25/44 rows split to exactly W, 19 need merges; 0 ties with the quoted-field rule (16/44 tie on shape alone)
2026-09-24T04:56:37Z	3	c3-lesssep	dev	9.9978	9.9988	10.0000	9.9403	9.9970	9.9969	10.0000	10.0000	56.3	H3 merged cells (on top of c2): one-line record narrower than W, or W-wide with a quote inside an unquoted field (a quoted field lost its separator), gets the single separator insertion whose strict-clean W-field result fits this file's per-column naive-Bayes profile (shape + first/last char class) uniquely best, all shapes seen (W-wide: must beat the parsed record); header-like first record only if exactly one insertion leaves no empty and no quote-bearing cell. L 350/352 perfect (2 skipped: header QtyPRODUCTID / PriceProductType ambiguous); 350 files up, 0 worse. Ambiguity: shape-only profile 31 ties + 2 wrong of 327 data rows; with char classes 0/0
2026-09-24T04:58:53Z	3	c2-rowdelim	external										REPORT-ONLY external: dialect/header identical to c1 (FULL 95.2, messy 93.1, header 67.4; sniffer unchanged). load() differs from c1 on 3/800 files, all 3 read WORSE: free-text lines (a label row 'Kontierungsauswahl im LA', '#' comment lines in a '|' file) re-split on spaces into W cells; in one file a '#' comment preamble line is re-split and then joined into the header by the multi-row-header rule. Written up as a regression (EXPERIMENTS.md, round 3); not tuned on
2026-09-24T04:58:53Z	3	c3-lesssep	external										REPORT-ONLY external: dialect/header identical to c1. load() differs from c1 on 7/800 files: the 3 H2 files above (worse) + 4 from H3: 2 pad a missing trailing empty cell to width W (neutral/better, no content changed), 1 space-aligned numeric file gets one more empty cell (garbage both ways), 1 ragged word list gets an empty cell prepended to a short row (worse). Regression written up; not tuned on
2026-09-24T05:07:59Z	4	c4-gates(v1,whole-row-floor)	dev	9.9951	9.9986	10.0000	9.9403	9.9967	9.9969	10.0000	9.9264	52.1	REJECTED variant: H2b gates with a WHOLE-ROW leave-one-out floor (repaired row's profile score >= min LOO score of the file's W-wide rows). Blocks every repair of source row 12 (the table's least typical row: a ProductType ending in '.') -> R 43/44 (row_field_delimiter_12 lost, -3.24), L 347/352; simple -0.0027 > 0.0005 budget, R -0.074 > 0.002 limit. A rank rule at the extreme rejects the least typical genuine row by construction. Superseded by the per-typed-column floor
2026-09-24T05:11:59Z	4	c4-gates	dev	9.9978	9.9988	10.0000	9.9403	9.9970	9.9969	10.0000	10.0000	56.0	H2b repair gates on H2 re-split + H3 insertion: (a) no repair of a line starting with a comment marker (# // % --), (b) W must be the width of >= 50% of non-blank records, (c) a repaired data row must score, in every TYPED column (>= half the file's own values typed), at least the leave-one-out score of that column's least typical ordinary cell; no typed column -> no repair. Dev: 0 files differ from c3. Synthetic: 13/13 guard cases = c0 (c3: 10/13), positives unchanged
2026-09-24T05:14:14Z	4	c4-gates	external										REPORT-ONLY external (run once after H2b, base c1): dialect/header identical to c1 (FULL 95.2, messy 93.1, header 67.4; sniffer unchanged), 0 exceptions. load() differs from c1 on 1/800 files (c3: 7/800). Of c3's 7 changed files 6 now match c1: all 4 that read WORSE (label row re-split: typicality gate; '#' comment above header joined into header: comment guard; '#' comment lines of a '|' file: comment guard or typicality; empty cell prepended in a ragged word list: typicality), 1 neutral trailing pad (width or typicality) and the space-aligned numeric file (width guard). Remaining: 1 neutral trailing-empty pad (5-wide rows of a 6-wide price table get the missing last cell as ''). No new changes. Rules fixed before these files were read; nothing tuned
2026-09-24T05:17:35Z	4	c5-moresep	dev	9.9989	9.9990	10.0000	9.9403	9.9970	10.0000	10.0000	10.0000	50.2	H4 surplus separator (on top of c4): a one-line record exactly W+1 wide with an empty UNQUOTED field loses one such field (distinct results only); data row = unique best under the file's per-column profile, all shapes seen, H2b gates (comment, dominant width, per-typed-column typicality); header-like first record only when all drops coincide. M 396/396 perfect (was 0/396); 396 files up, 0 worse. Ambiguity measured first: 393/393 data rows unique best + correct (348 with 2 distinct candidates, 45 with 1), 0 ties; 3/3 header rows single candidate
2026-09-24T05:23:18Z	4	sieve(=c5-moresep)	all	9.9971	9.9922	9.9907	9.5698	9.9961	10.0000	10.0000	10.0000	48.5	FULL CORPUS, official evaluate.py, all 2,290 files, bytes only (keep-5 checkpoint). vs c0: 2263 files up, 0 down. vs duckdbparse (told the true dialect + column names, 9.9615/9.5997): sieve better on 1427 files, worse on 5 (row_less_sep_row0_col1..5: two header names glued, no profile for a header). Remaining loss: 5 glued-header files, held-out-only singletons file_field_delimiter_0x20 7.88, file_quotation_char_0x27 8.55, multitable x3 9.96, escape_char_0x00 9.74, 0x5C 9.96
2026-09-24T05:23:18Z	4	sieve(=c5-moresep)	dev	9.9989	9.9990								derived from the official all-files per-file measures (= the c5 dev run)
2026-09-24T05:23:18Z	4	sieve(=c5-moresep)	heldout	9.9952	9.9854								HELD-OUT CHECKPOINT (keeps 5: c1..c5), REPORT-ONLY, derived from the official all-files per-file measures; c0 held-out 9.7263/9.9776, duckdbparse 9.9586/9.8439. Held-out: 1077 files up vs c0, 0 down; losses = 3 glued-header row_less_sep_row0 files + 10 held-out-only file-level types (space delimiter, ' quote, multitable x3)
2026-09-24T05:31:00Z	4	sieve(=c5-moresep)	external										REPORT-ONLY external, keep-5 held-out checkpoint (standing check, with baselines): dialect/header identical to c0 (delim 97.1 quote 98.0 escape 99.1 FULL 95.2, messy 93.1, header 67.4 = 60/89; sniffer unchanged since c0), 0 exceptions. load() differs from c0 on 8/800 = H1's 5 + 1 neutral H3 trailing pad + 2 from H4. H4's 2 (vs c4): a header with a trailing delimiter (empty last column name) over W-wide data rows loses the empty name -> rectangular table; read BETTER/neutral, no content changed. No worse-reading change from H2/H3/H4 remains; H1's 2 worse (round 2) still stand
2026-09-24T05:31:00Z	4	csv.Sniffer	external										REPORT-ONLY external (re-run at checkpoint): unchanged - delim 87.1 quote 94.2 escape 95.5 FULL 86.2 (messy 82.9) header 76.4 fails 32
2026-09-24T05:31:00Z	4	clevercsv-0.7.4	external										REPORT-ONLY external (re-run at checkpoint): unchanged - delim 97.5 quote 98.5 escape 99.9 FULL 97.1 (messy 95.7) header 76.4 fails 0
2026-09-24T05:31:00Z	4	duckdb-1.2-sniff_csv	external										REPORT-ONLY external (re-run at checkpoint): unchanged - delim 73.2 quote 78.2 escape 80.6 FULL 71.6 (messy 58.1) header 64.0 fails 146
2026-09-24T06:13:55Z	5	c6-fast	all	9.9971	9.9922	9.9907	9.5698	9.9961	10.0000	10.0000	10.0000	67.2	H7 speed (identity keep): c5 with the profiled hot spots removed - dialect_score counts distinct cells once (Counter) and types them with one combined regex; header_like skips typed cells and exits early; tokenize jumps to the next quote with str.find; per-file lru caches for cell features; Profile counts distinct values; leave-one-out floors per distinct feature triple; sniff skips parses that provably equal an earlier one (second quote char when neither occurs, skipinitialspace when no field starts with a space). Gate: 2290/2290 serialised outputs byte-identical to c5 (harness/speed.py); external 0/800 load() differences, synthetic identical. Throughput (1 process, load() time, interleaved, same machine): c5 48.0 -> c6 67.2 files/s (second run 45.3 -> 64.7). Scores = c5's by identity
2026-09-24T06:13:55Z	5	c7-escape	dev	9.9989	9.9990	10.0000	9.9403	9.9970	10.0000	10.0000	10.0000	73.8	NOT KEPT. H5 escape on positive evidence: the escape candidate \ is scored only when the sample holds \ before the quote char, the delimiter or itself. Ambiguity measured first (dev): 1199/1200 files contain a backslash; 1197 pick no escape and have no evidence; file_escape_char_0x5C picks \ with evidence (6 x \", score 0.867 vs 0.287 without, unambiguous); file_escape_char_0x00 picks \ WITHOUT evidence (0.28783 vs 0.28744: deleting the backslash of \' makes a cell match the plain-words type). c7 changes 1 dev file (0x00 keeps its backslash) but its row 13 is broken either way (unescaped quote), score identical (9.7416). Dev simple and weighted both EQUAL to c5/c6 -> acceptance rule (at most one may be equal) not met. Synthetic: 4 new escape cases; c7 passes 4/4, sieve 3/4 (esc_literal_backslash_apos: backslash before ' dropped)
2026-09-24T06:13:55Z	5	c7-escape	external										REPORT-ONLY external (c7 vs c6, no baselines): delim 97.1 quote 98.0->97.9 escape 99.1->99.6 FULL 95.2->95.6 messy 93.1->93.7 header 67.4; 0 exceptions. load() differs on 4/800: 3 read BETTER (\r\n and \n escape sequences in text kept instead of losing the backslash: two translation tables, one parameter list), 1 reads WORSE (single-column groovy code file, garbage both ways: without the \ candidate the sniffer falls back to quote ' and strips the quote characters on 56 of 76 rows). Written up; not tuned on. Not promoted (dev rule)
2026-09-24T06:13:55Z	5	sieve(=c6-fast)	external										REPORT-ONLY external (c5 vs c6 identity): identical dialect/header table (delim 97.1 quote 98.0 escape 99.1 FULL 95.2 messy 93.1 header 67.4), load() differs on 0/800
2026-09-24T06:13:55Z	5	sieve(=c6-fast) pollock-e2e	all	9.9971	9.9922	9.9907	9.5698	9.9961	10.0000	10.0000	10.0000	54.2	END TO END THROUGH POLLOCK'S OWN FLOW: sut/sieve/sieve-bench.py (given only the path, no parameters.json) run unchanged in its Docker image (python:3.11.15-slim + host CA for the proxy) via `docker compose up sieve-client` on a mirror of the upstream root, 3 repetitions, 0 Application Errors; outputs byte-identical to the harness (2290/2290). Then upstream evaluate.py (only change: 'sieve' added to SUT_ORDER) `python evaluate.py --sut sieve --njobs 2` next to the committed per-file results of the published systems: sieve 9.997100 / 9.992176; duckdbparse 9.961516 / 9.599662, sqlite 9.955135 / 9.375923 in the same table. files/s = sieve_time.csv (mean of 3 reps incl. file read, in the container). Also byte-identical on python 3.8.20 and 3.10.5 (docker, full corpus)
2026-09-24T11:01:50Z	5	sieve	all	9.9971	9.9922	9.9907	9.5698	9.9961	10.0000	10.0000	10.0000	70.4	re-run with this repository's harness (paths re-rooted, POLLOCK_UPSTREAM): per-file scores identical to the round-4 run; all 2290 outputs match results/sieve-outputs.sha256.tsv; derived dev 9.9989 / 9.9990, held-out 9.9952 / 9.9854
