md5	annotator	gold	pred	dialect_ok	header	ran
00eb68dca3507abb10b30475ae44d2c5	human	"["","", ""\"""", """"]"	"[""#"", """", """"]"	0	0	1
00f41377342a8249b3385f9452b09dd0	normal	"[""\t"", """", """"]"	"[""\t"", """", """"]"	1	1	1
01173939de9922f6df842304e5b70796	normal	"[""\t"", """", """"]"	"[""\t"", """", """"]"	1	1	1
02a4ede17e5ac3c706351afe64b212b9	human	"["","", ""\"""", """"]"	"["","", ""\"""", """"]"	1	1	1
02a9094371d6e6e9cd02552fdbbaf31b	human	"["","", ""\"""", """"]"	"["","", ""\"""", """"]"	1	1	1
046b3418031b1a67127b6adf62ece75e	human	"["","", """", """"]"	"["","", """", """"]"	1	1	1
0476b562bb101c3c3c7cef585376cfe0	human	"["","", ""\"""", """"]"	"["","", ""\"""", """"]"	1	0	1
0624df95ed28dde56ffd83bc2bfd0eb4	normal	"["","", """", """"]"	"["","", """", """"]"	1	1	1
0640d6810aedf0763f59bbf63449dcd1	human	"["","", ""\"""", """"]"	"["","", ""\"""", """"]"	1		1
064b283376123b2f21b7e9e9dfd55b83	human	"["","", """", """"]"	"["","", """", """"]"	1	1	1
067af7c63b48b113514eba39cb2a50cc	normal	"["","", """", """"]"	"["","", """", """"]"	1	0	1
06a52f791dd3d78903cbf96f05ccb1d1	human	"["","", """", """"]"	"["","", """", """"]"	1	1	1
06b08f8ca4ef8c7b458155feff896fe4	normal	"["","", """", """"]"	"["","", """", """"]"	1	0	1
08194ba47d5ea863220e66b24ce889ae	human	"["","", """", """"]"	"["","", """", """"]"	1	1	1
0827c26a13481eeaf5183626bd48c057	human	"["","", """", """"]"	"["","", """", """"]"	1	0	1
08b5e7ec6126b220659cda369677ce55	normal	"["","", """", """"]"	"["","", """", """"]"	1	0	1
090a25645786f0379b0f97e56280f90e	human	"["":"", """", """"]"	"["":"", """", """"]"	1	1	1
0a76ba38d6ac47164ee1507fba1d9050	normal	"["";"", """", """"]"	"["";"", """", """"]"	1	1	1
0a8baad8ff30df59c7e29929e2feb83b	human	"["","", """", """"]"	"["","", """", """"]"	1	1	1
0b2acfa908b08850803407db6d82db30	human	"[""\t"", """", """"]"	"[""\t"", """", """"]"	1	1	1
0bc58d3f531d9c77591c3be31a22b23d	normal	"["";"", ""\"""", """"]"	"["";"", ""\"""", """"]"	1	1	1
0c0d044ba6785848a3d4228ea9dec3da	normal	"["","", """", """"]"	"["","", """", """"]"	1	1	1
0c97561e2c7b67ff9b7d914ce3d8dd32	human	"["","", """", """"]"	"["","", """", """"]"	1	0	1
0c9f7a41e130d411c4538aa54fc91a5e	human	"["","", ""\"""", """"]"	"["","", ""\"""", """"]"	1	1	1
0cc4d168573a07a63814ab4131572fd8	normal	"["","", """", """"]"	"["","", """", """"]"	1	1	1
100d07759142cdc015f70e4244565b9d	normal	"["","", ""\"""", """"]"	"["","", ""\"""", """"]"	1	1	1
105a13e004656b5463f0127d20b57840	human	"["";"", ""\"""", """"]"	"["";"", ""\"""", """"]"	1	1	1
11e919e0295c972c6409754f75f6ceb2	human	"["","", ""\"""", ""\\""]"	"["","", ""\"""", ""\\""]"	1	0	1
12381e1b36981482cb53cef74a1f8aa0	normal	"[""\t"", """", """"]"	"[""\t"", """", """"]"	1	1	1
132366d68c5ba73a7deacead82dbbaa2	normal	"["","", """", """"]"	"["","", """", """"]"	1	1	1
145855af10cf5f943f28fb93bc9bc142	human	"["","", ""\"""", """"]"	"["","", ""\"""", """"]"	1	1	1
14cdcd997915c9ed249965a96e582202	human	"["","", """", """"]"	"["","", """", """"]"	1		1
14e64880baf15f1380a80107d6db0bc7	human	"["","", """", """"]"	"["","", """", """"]"	1	1	1
155d71ce0ad0ec4fc49142b758d8f325	human	"["","", """", """"]"	"["","", """", """"]"	1	0	1
168e3d3ce07d0ae7bda4448dd497b9f5	normal	"["";"", """", """"]"	"["";"", """", """"]"	1	0	1
16b500398983f0b6b3b8c01dbeb899a5	human	"["""", ""\"""", """"]"	"["" "", """", """"]"	0	0	1
16e16b19f13fda198fa662fd46ccff52	human	"["","", ""\"""", """"]"	"["","", ""\"""", """"]"	1	1	1
18044f19b3697520c36393e2968fdec8	human	"["","", ""\"""", """"]"	"["","", ""\"""", """"]"	1	1	1
18642cfdec71819bf4e615cb5512e5b2	human	"["","", ""\"""", """"]"	"["","", ""\"""", """"]"	1	1	1
189b3991a3b20e5988b7e08608e2433c	normal	"["","", ""\"""", """"]"	"["","", ""\"""", """"]"	1	1	1
1b0ea2dbcf39038571a9773f2ea695a3	human	"["";"", ""\"""", """"]"	"["";"", ""\"""", """"]"	1	1	1
1ba7e5325de3d7831e07aabaacfa0763	normal	"["","", ""\"""", """"]"	"["","", ""\"""", """"]"	1	1	1
1bb55ea87fe8694109fa0850b43774c5	normal	"["","", ""\"""", """"]"	"["","", ""\"""", """"]"	1	0	1
1c0dd059572b284dcdbb19148cb0bf19	normal	"["""", """", """"]"	"["""", """", """"]"	1	0	1
1c59f76345b07c8cff982f67fd80f7bd	human	"["","", ""\"""", """"]"	"["","", ""\"""", """"]"	1	0	1
1d2675b5d8230d5ffdd2d2a67bc204c0	normal	"["","", ""\"""", """"]"	"["","", ""\"""", """"]"	1	1	1
1d3a3adae5475f942c7f6722058ed535	normal	"["","", ""\"""", """"]"	"["","", ""\"""", """"]"	1	1	1
1de3886f4f34ec760a8408a2858f946d	human	"["","", """", """"]"	"["","", """", """"]"	1		1
1ed9d0b7a7a1dea9bcb1bdfd880abe3e	normal	"["","", ""\"""", """"]"	"["","", ""\"""", """"]"	1	1	1
1f18b9ece4b0b8307400ec2861b759ec	normal	"["";"", """", """"]"	"["";"", """", """"]"	1	1	1
1f9eac4e642e69f224a15f6975b2350c	normal	"["","", ""\"""", """"]"	"["","", ""\"""", """"]"	1	1	1
205b5617527dfd5d0f5860ab72ea8eac	normal	"["","", """", """"]"	"["","", """", """"]"	1	0	1
2096fdbfc7f025e2c5ec7cd5da71653e	human	"["","", ""\"""", """"]"	"["","", ""\"""", """"]"	1	0	1
20ed479386fe4fd2ed660823192b0099	normal	"["","", """", """"]"	"["","", """", """"]"	1	1	1
21715a67fd7cae168c899d871ad3e52d	human	"["","", ""\"""", """"]"	"["","", ""\"""", """"]"	1	0	1
21cde7f77b3f5fc3a670c166ae381776	human	"["","", ""\"""", """"]"	"["","", ""\"""", """"]"	1	1	1
21e2665f375198f348186af07a4168d8	human	"[""%"", ""\"""", """"]"	"[""%"", ""\"""", """"]"	1	0	1
2204f771ac0a4936a38a81611134b114	normal	"["","", ""\"""", """"]"	"["","", ""\"""", """"]"	1	1	1
22db08a44433297dca7bad5c627d9c41	human	"["","", ""\"""", """"]"	"["","", ""\"""", """"]"	1	1	1
2309288a00a0464b88bb43ece1f8eb25	human	"["","", """", """"]"	"["","", """", """"]"	1	1	1
231ec924c8c214808e4bd77b1244da67	human	"["","", """", """"]"	"["","", """", """"]"	1	1	1
231f0d25b3c702041e81997c2b2b3a96	human	"["";"", """", """"]"	"["";"", """", """"]"	1	1	1
236d371999b17240ef39dd6da46f01f1	normal	"["","", """", """"]"	"["","", """", """"]"	1		1
238a3a16f7a6de76db9b351e42262daa	human	"["""", """", """"]"	"[""-"", """", """"]"	0	0	1
24329d7e6b80a984dfa7c6db7128923e	human	"["","", ""\"""", """"]"	"["","", ""\"""", """"]"	1	0	1
244d5557a51700f937d13b37e4ef9058	human	"["","", """", """"]"	"["","", """", """"]"	1	1	1
247b612a256fa87076af74c7acf5804a	human	"[""\t"", """", """"]"	"[""\t"", """", """"]"	1	1	1
24b33a5eb665fc6f93c4a8a94a13416f	human	"["","", ""\"""", """"]"	"["","", ""\"""", """"]"	1	1	1
24dff1d287de7f017b26f46a5ca9483a	normal	"["";"", """", """"]"	"["";"", """", """"]"	1	0	1
25204255f9b22f5f62870b133b17ec14	human	"["","", ""\"""", """"]"	"["","", ""\"""", """"]"	1	1	1
254d714189c1061b3b024bfa8f7e02ac	human	"["","", ""\"""", """"]"	"["","", ""\"""", """"]"	1	1	1
25693a4380c5fd7e426af84e036ec452	human	"["","", ""\"""", """"]"	"["","", ""\"""", """"]"	1	0	1
25982cadd91b910002239e4c4d71afe9	normal	"["","", """", """"]"	"["","", """", """"]"	1	1	1
25bdb47df7f1d3a9303b91491d2139d9	human	"["","", """", """"]"	"["","", """", """"]"	1	0	1
26414ac053a3a1fbdb00c65bba3ae60b	normal	"["","", ""\"""", """"]"	"["","", ""\"""", """"]"	1	1	1
265edc03b97a7ce326063ab0fcaefb2f	human	"["","", ""\"""", """"]"	"["","", ""\"""", """"]"	1	0	1
2685c0379f1a00961d34d8432f705b68	normal	"["","", """", """"]"	"["","", """", """"]"	1	1	1
26d5cd5438639f4f4450b4ff2d30cac3	human	"["","", """", """"]"	"["","", """", """"]"	1	1	1
270f6c94f4a8fb30b6d98bf1ff72f13b	normal	"["","", ""\"""", """"]"	"["","", ""\"""", """"]"	1	1	1
28dc875eaa7384fc111860237af938df	normal	"["""", """", """"]"	"["""", """", """"]"	1	0	1
296032483cb85953dd925f4b418a2ba5	human	"["","", """", """"]"	"["","", """", """"]"	1	1	1
2979753c16b2eb3c5912a8cf44be39c9	normal	"["","", ""\"""", """"]"	"["","", ""\"""", """"]"	1	0	1
29c322dadb7de83cc76a1ba7c6b1a131	human	"["","", """", """"]"	"["","", """", """"]"	1	0	1
29c65081b6a29a829f8de4351299af98	normal	"["","", """", """"]"	"["","", """", """"]"	1	1	1
29dd66b1d591427725c281f47ff62bad	normal	"["","", """", """"]"	"["","", """", """"]"	1	1	1
2ad31214f67a07149192c9e1d0b19387	normal	"["","", ""\"""", """"]"	"["","", ""\"""", """"]"	1	0	1
2adb6d6ef27e89ed1f8e24dba231da11	human	"["","", """", """"]"	"["","", """", """"]"	1	0	1
2aebc878ac1c87c479d0a510a2a562b4	human	"["","", ""\"""", """"]"	"["","", ""\"""", """"]"	1	1	1
2b0714140014539bceaf253452c1a4d1	human	"["","", """", """"]"	"["","", """", """"]"	1	1	1
2b16e79057c817ece75fdc63ce43a334	human	"["","", ""\"""", """"]"	"["","", ""\"""", """"]"	1	1	1
2b678828781fb890c3718d240ec9ce37	human	"["","", ""\"""", """"]"	"["","", ""\"""", """"]"	1	1	1
2b723d1427567abae55446f1dea30141	human	"["","", ""\"""", """"]"	"["","", ""\"""", """"]"	1	0	1
2b795380c0723fb67962481432341b22	human	"["","", """", """"]"	"["","", """", """"]"	1	1	1
2bbbcb3f40018ffcfee0c4af3b0c88b8	human	"["","", ""\"""", """"]"	"["","", ""\"""", """"]"	1	0	1
2bd198e7465a78e3cac10a47963fb784	normal	"["","", ""\"""", """"]"	"["","", ""\"""", """"]"	1	1	1
2cb42139c8d25d09fa1878f3c8514a12	human	"["""", ""\"""", """"]"	"["" "", """", """"]"	0	1	1
2d1944789758fb290a26415a473c48ec	human	"["" "", """", """"]"	"["" "", """", """"]"	1	0	1
2d25ad87214fbfc81aca5cddd3115c52	normal	"["","", """", """"]"	"["","", """", """"]"	1	0	1
2d3eabb4520b9649fe6d034c9d75c6da	normal	"["","", """", """"]"	"["","", """", """"]"	1	0	1
2d69b3950a430a5e3d53c0bad3d2f10f	human	"["","", """", """"]"	"["","", """", """"]"	1	1	1
2d842540c8fe58ba050dbfbba20f3b8d	human	"["","", ""\"""", """"]"	"["","", ""\"""", """"]"	1	1	1
2daeecee174368f8a33b82c8cccae3a5	normal	"["";"", ""\"""", """"]"	"["";"", ""\"""", """"]"	1	1	1
2db8fc4328b160939fc995fa94391aca	human	"["";"", """", """"]"	"["";"", """", """"]"	1	0	1
2e4f7ecd11d0a704852fd54fb2de3f96	human	"["","", ""\"""", """"]"	"["","", ""\"""", """"]"	1	1	1
2e532af14628438d78ed2562d1013fa7	normal	"["";"", ""\"""", """"]"	"["";"", ""\"""", """"]"	1	1	1
2e71ed4acd455441614b523a33be7ae5	human	"["","", ""\"""", """"]"	"["","", ""\"""", """"]"	1	0	1
2eaa43f06133367d47e68b149292b228	human	"["","", """", """"]"	"["" "", """", """"]"	0	1	1
2ef6e90fa9bfa2017d8b3492e7b6869f	human	"["","", ""\"""", """"]"	"["","", ""\"""", """"]"	1	1	1
2f2e36cc466987c5449e8c7b968618be	human	"["","", """", """"]"	"["","", """", """"]"	1	0	1
2ff03bf4ed29cfe19069b9aa820f7ad5	normal	"["","", ""\"""", """"]"	"["","", ""\"""", """"]"	1	1	1
2fffa0ec1dff02e82c5eebccd9ac2ef7	human	"["";"", """", """"]"	"["";"", """", """"]"	1	0	1
307911d7fa497ca11208f8edfd5b9311	normal	"["","", """", """"]"	"["","", """", """"]"	1	0	1
320b65e8b553cd3653fe7da140f02b39	human	"["","", ""\"""", """"]"	"["","", ""\"""", """"]"	1		1
3293715fd5a9308936b2ec516397adfb	normal	"["","", ""\"""", """"]"	"["","", ""\"""", """"]"	1	0	1
331d16c1896478472fa4f7998b7ba1a6	human	"["","", ""\"""", """"]"	"["","", ""\"""", """"]"	1	1	1
33ce73fbb05d527db36f41eb3f0aedec	human	"[""\t"", """", """"]"	"[""\t"", """", """"]"	1	1	1
33fb22e38153691701602ffe0721a827	human	"["""", """", """"]"	"["""", """", """"]"	1	1	1
341b9cd964e94bb3db28599d25153fd7	human	"["";"", """", """"]"	"["";"", """", """"]"	1	0	1
345a9af5f980ac7166b56dce3f4fcb7f	normal	"["","", ""\"""", """"]"	"["","", ""\"""", """"]"	1	1	1
34aba3370f7d30653b9a96258b48aebe	human	"["","", """", """"]"	"["","", """", """"]"	1	1	1
34da854dcc84e08dfac26c97c993dca4	normal	"["""", """", """"]"	"["""", """", """"]"	1	0	1
3538b88acfc1e60ed6517333480c6517	normal	"["","", """", """"]"	"["","", """", """"]"	1	0	1
354779d8c37f0c854748483b98c31584	human	"["","", ""\"""", """"]"	"[""<"", """", """"]"	0	1	1
3551aec44d6e31a1ccd5c57e46fd9ae9	human	"["","", """", """"]"	"["","", """", """"]"	1	1	1
356c680aaab3a5940120108c043231bb	normal	"["""", ""\"""", """"]"	"["""", ""\"""", """"]"	1	1	1
3603ea657c7856881148b19a8c86b578	human	"["","", """", """"]"	"["","", """", """"]"	1	0	1
36548a1a9d6eed54e9bec875e63e82ee	normal	"[""\t"", """", """"]"	"[""\t"", """", """"]"	1	1	1
38042ee0e59fd6a5e9c33495d44c912d	human	"["","", ""\"""", """"]"	"["","", ""\"""", """"]"	1	1	1
38101451ef254d8eabcb6a74e9054d31	human	"["";"", ""\"""", """"]"	"["";"", ""\"""", """"]"	1	1	1
38690657cc3979699bb0af0d83badf7e	human	"["","", ""\"""", """"]"	"["","", ""\"""", """"]"	1	1	1
3871e210462c53b1bb73fac48ca1cb7b	human	"["";"", """", """"]"	"["";"", """", """"]"	1	0	1
38b5b9e5f8855d3b4b58615da01a8b4c	human	"["","", ""\"""", """"]"	"["","", ""\"""", """"]"	1	1	1
3974a269fecba0b2f799823a2cc5bf26	human	"["";"", """", """"]"	"["";"", """", """"]"	1	1	1
3988dcf9a3b647d9df27bf8f60188e4d	human	"["","", ""\"""", """"]"	"["","", ""\"""", """"]"	1	0	1
39c4b55fc94b706ea743735e1a9b145d	human	"["","", ""\"""", """"]"	"["","", ""\"""", """"]"	1	0	1
39fad4f21276d7ada8b86c9c82a71b01	human	"["","", ""\"""", """"]"	"["","", ""\"""", """"]"	1	0	1
3a3117a1224fd1d0893b5230a01cb63c	human	"["","", ""\"""", """"]"	"["","", ""\"""", """"]"	1	1	1
3a723d26f475503b41f14db2f9c9368a	normal	"["","", """", """"]"	"["","", """", """"]"	1	0	1
3a73c58b5bf348455c0d7289f4dace0c	human	"["","", """", """"]"	"["","", """", """"]"	1	0	1
3b29d5f936964d351bb4335d77a20c03	human	"["","", """", """"]"	"["","", """", """"]"	1	1	1
3b431c62a85f26e7526f876b54caab88	human	"["","", ""\"""", """"]"	"["","", ""\"""", """"]"	1	1	1
3b630ad090037312b6c4464f8092679e	human	"["","", ""\"""", """"]"	"["","", ""\"""", """"]"	1	0	1
3b8b22a569639216f087f39a57b95825	human	"["","", ""\"""", """"]"	"["","", ""\"""", """"]"	1	0	1
3bc46845a6b54dc819413f89b64378d7	normal	"[""\t"", """", """"]"	"[""\t"", """", """"]"	1	1	1
3beb4aa862a25a83b2635d5dc4b9bfb7	human	"["","", ""\"""", """"]"	"["","", ""\"""", """"]"	1	1	1
3bf519f7ae6b314504dc11fe60088fb1	human	"["","", ""\"""", """"]"	"["","", ""\"""", """"]"	1	0	1
3c0eb592ded33929ca3da7b6c376b5f9	human	"["","", """", """"]"	"["","", """", """"]"	1	0	1
3c617e22ca0aed707516c60761bb1741	normal	"["""", """", """"]"	"["""", """", """"]"	1	1	1
3cd16af03deacee978da49e10e79e639	human	"["","", ""\"""", """"]"	"["","", ""\"""", """"]"	1	0	1
3d59a518db99fb3ed8a833aad770ebe3	human	"["","", """", """"]"	"["","", """", """"]"	1	1	1
3dc771b673358422e15737b4a61ac40d	human	"["","", ""\"""", """"]"	"["","", ""\"""", """"]"	1	1	1
3dd7de2b56d56d41878f6f1b6148ab6d	human	"[""\t"", """", """"]"	"[""\t"", """", """"]"	1	0	1
3de426bdc5958aed29429d04f18e2d6e	normal	"["","", """", """"]"	"["","", """", """"]"	1	1	1
3de9e8f43809b1b4d8553b74bc3770c9	human	"["","", ""\"""", """"]"	"["","", ""\"""", """"]"	1	0	1
3e20ac68fdba272e67ffc7113ff396d4	human	"["","", """", """"]"	"["","", """", """"]"	1	1	1
3e26973a6c3b16ac3f0280672ac20b03	human	"["","", ""\"""", """"]"	"["","", ""\"""", """"]"	1	1	1
3ea18fb469435e2b9531684287910bf1	human	"["","", """", """"]"	"["","", """", """"]"	1	1	1
3ea8b2e29bde112543cc9f00aff2a8e4	human	"["","", ""\"""", """"]"	"["","", ""\"""", """"]"	1	1	1
3eb71f254dd9b77068ab6a601fa48d35	human	"["","", ""\"""", """"]"	"["","", ""\"""", """"]"	1	0	1
3edb357d5983e9cd269bd3ba8a99c337	human	"["","", ""\"""", """"]"	"["","", ""\"""", """"]"	1	1	1
3f0474c6eddcb37d41a845a10dc1b9d1	human	"["","", ""\"""", """"]"	"["","", ""\"""", """"]"	1	1	1
3f6afc647bc913d5341e6536a4b732e3	normal	"["","", """", """"]"	"["","", """", """"]"	1	1	1
400e5e9754ddcb1debbe181df6204832	normal	"["";"", """", """"]"	"["";"", """", """"]"	1	0	1
4024bd32efe20f1ea2b8618b94676516	normal	"["","", """", """"]"	"["","", """", """"]"	1	0	1
413d47f375c51cd3f0d5088034a9a883	normal	"["";"", ""\"""", """"]"	"["";"", ""\"""", """"]"	1	1	1
4148cf2058cb8c575d2c3d9c95c353bc	human	"["","", ""\"""", """"]"	"["","", ""\"""", """"]"	1	1	1
4317e17470ad0f6d1ed6f2440866d3de	normal	"["","", ""\"""", """"]"	"["","", ""\"""", """"]"	1	0	1
437dd31c76307c7998d0eb2abfe7eaca	human	"["","", ""\"""", """"]"	"["","", ""\"""", """"]"	1	1	1
438b80b5f35fc1a06a0339c94536e59d	normal	"["","", """", """"]"	"["","", """", """"]"	1	1	1
445fbc4dcc3639fab00e065ae89df064	human	"["","", """", """"]"	"["","", """", """"]"	1	0	1
4486f4074f05793481b355e6ba489f0f	normal	"["","", """", """"]"	"["","", """", """"]"	1	0	1
44a66ccdb9f760bea649643c58be5d24	human	"["";"", """", """"]"	"["";"", """", """"]"	1	1	1
44d76e12813eb5221bb6db4c3f4592b1	human	"["","", ""\"""", """"]"	"["","", ""\"""", """"]"	1	1	1
44f4bee4e18e72dba212cbe2b580e137	human	"["","", """", """"]"	"["","", """", """"]"	1	1	1
44f7dae61885d65770050cc1335f3be9	human	"["","", ""\"""", """"]"	"["","", ""\"""", """"]"	1	1	1
452cec788787e71404efea666d3d79ba	human	"["","", ""\"""", """"]"	"["","", ""\"""", """"]"	1	1	1
453e35c6b19be65e0b5d22bff2578db7	human	"["","", ""\"""", """"]"	"["","", ""\"""", """"]"	1		1
46104712b791214c190b4eb686eb949c	normal	"["","", ""\"""", """"]"	"["","", ""\"""", """"]"	1	0	1
467ae1afa7ba72c93ecbaa9e533683d2	human	"["","", """", """"]"	"["","", """", """"]"	1	0	1
46d17808f3e348267626c9a52cb7cbba	normal	"["","", ""\"""", """"]"	"["","", ""\"""", """"]"	1	1	1
46fae6bd6f6c94909104fe8558f2875d	human	"["","", ""\"""", """"]"	"["","", ""\"""", """"]"	1	1	1
47097e1475b6c31d1c1347c006199d77	human	"["","", ""\"""", """"]"	"["","", ""\"""", """"]"	1	1	1
4740ffd8a7aa9dbf358cf890a326ec97	human	"["";"", ""\"""", """"]"	"["";"", ""\"""", """"]"	1	0	1
4761df41ba939989b6351bbad57fd4d0	normal	"["","", ""\"""", """"]"	"["","", ""\"""", """"]"	1	1	1
47a24fd5c1444671fe41f512a5e45573	human	"["","", ""\"""", """"]"	"["","", ""\"""", """"]"	1	1	1
47dcc98883f782dc5cefc559fc062c91	human	"["","", ""\"""", """"]"	"["","", ""\"""", """"]"	1	1	1
47ecdbecb2466293eb1dbe285585537c	human	"["","", ""\"""", """"]"	"["","", ""\"""", """"]"	1	1	1
4821be5e1c52b6781e722cc4a0128a4f	normal	"["","", ""\"""", """"]"	"["","", ""\"""", """"]"	1	1	1
482bffae343525444ae6529c61c96945	human	"["","", """", """"]"	"["","", """", """"]"	1	0	1
483207fd994b9a68f5d4362715003796	human	"["","", ""\"""", """"]"	"["","", ""\"""", """"]"	1	0	1
488473683dedb6c37f597be3c5c25041	human	"["","", ""\"""", """"]"	"["","", ""\"""", """"]"	1	0	1
493386b64e62286d2b2175211d81a2bb	normal	"["","", """", """"]"	"["","", """", """"]"	1	1	1
4997582b933393b4eff13d6d85023fcb	human	"["","", """", """"]"	"["","", """", """"]"	1	0	1
49d14fc3d01b42277a90138f8071fc7b	normal	"["","", """", """"]"	"["","", """", """"]"	1	1	1
4a2132ee65f03dd48a3e27f0e9f3a7de	human	"["","", ""\"""", """"]"	"["","", ""\"""", """"]"	1	1	1
4aa59a13bf087a8ffe5c53042f6aa55e	human	"["","", ""\"""", """"]"	"["","", ""\"""", """"]"	1	0	1
4b161c5140c57d869eac9576684dc22a	human	"["","", """", """"]"	"["","", """", """"]"	1	1	1
4b242019a6cb4b2a02e3c8645b67b314	normal	"["","", """", """"]"	"["","", """", """"]"	1	1	1
4b482b0cdb5798b31f8c737a99102271	normal	"["","", """", """"]"	"["","", """", """"]"	1	1	1
4c1733855c85c19bd5abb896103ec433	normal	"["","", """", """"]"	"["","", """", """"]"	1	0	1
4c8a668fa0ca7ff319980b54289f78c7	human	"["","", ""\"""", """"]"	"["","", ""\"""", """"]"	1	1	1
4c9bf35e96de057a76a30daa9c0fab49	human	"["","", ""\"""", """"]"	"["","", ""\"""", """"]"	1	1	1
4ca12909d15b5d404ad147d420a51bc4	human	"["";"", ""\"""", """"]"	"["";"", ""\"""", """"]"	1	1	1
4d5014240e248603d621597dcc4c7ec6	human	"["","", """", """"]"	"["","", """", """"]"	1	0	1
4d63e8715acaf6fba7d8f6c486f2cc34	human	"["","", """", """"]"	"["","", """", """"]"	1	1	1
4d86860cd2a803df7b3f365a2cb694fe	normal	"["""", ""\"""", """"]"	"["""", ""\"""", """"]"	1	0	1
4db933064a4a6aef9d13598e6e20d8ea	normal	"["","", ""\"""", """"]"	"["","", ""\"""", """"]"	1	1	1
4debb81c0a86423145fbc93260a6cbc1	human	"["","", ""\"""", """"]"	"["","", ""\"""", """"]"	1	0	1
4dff8dc875020ff054a68dea9f563f56	human	"["","", ""\"""", """"]"	"["","", ""\"""", """"]"	1	0	1
4e41bd589db74401701ad145d8e4c772	human	"["","", ""\"""", """"]"	"["","", ""\"""", """"]"	1	1	1
4ef0fb53f9482e0199c4c76a49ee8696	human	"["","", """", """"]"	"["","", """", """"]"	1	0	1
4f0484ea7383eba99bbd11210d3c58d0	human	"["","", """", """"]"	"["","", """", """"]"	1	0	1
4f91995cd49150450c6dc24b4b5dff24	normal	"["","", """", """"]"	"["","", """", """"]"	1	1	1
4ff2987a38c615f8c832430a05a6349c	human	"["","", ""\"""", """"]"	"["","", ""\"""", """"]"	1	0	1
4ffc61bb63bfd4fbaabc4f82e1aef45e	normal	"["","", """", """"]"	"["","", """", """"]"	1	0	1
508fe0f7696e9ec8c6556680cf301d1c	human	"["","", """", """"]"	"["","", """", """"]"	1	0	1
509518019ab29a3d541369cd72080511	human	"["";"", """", """"]"	"["";"", """", """"]"	1	0	1
50e60980771ea4a7d90251168c5fd143	normal	"["","", ""\"""", """"]"	"["","", ""\"""", """"]"	1	1	1
5171d291e8fec3055c3b7a5f23532455	human	"["","", ""\"""", """"]"	"["","", ""\"""", """"]"	1	0	1
51b2554eda750b3c63a1e0383c929556	human	"["";"", """", """"]"	"["";"", """", """"]"	1	1	1
51f59167b88b58ad63dde9e0db1daf2e	normal	"["";"", """", """"]"	"["";"", """", """"]"	1	0	1
52bb6568dd718afa72d68ce4774c874c	human	"[""\t"", """", """"]"	"[""\t"", """", """"]"	1	1	1
52cabb6ddbb91d57c30385a8809f7e1e	human	"["","", """", """"]"	"["","", """", """"]"	1	1	1
53797bd7d133009ebe51815226bec602	human	"["","", ""\"""", """"]"	"["","", ""\"""", """"]"	1	1	1
537a13dc2b7eccec175efec735231517	human	"["";"", """", """"]"	"["";"", ""\"""", """"]"	0	0	1
539aa631a4e604901d84b8730fddafd1	human	"["","", """", """"]"	"["","", """", """"]"	1	0	1
5427d4dbacdc6aba88b86e0b55bfd361	human	"["";"", ""\"""", ""\\""]"	"["";"", ""\"""", ""\\""]"	1	0	1
54602f6f9ecf2a76711a9331950bc7d5	normal	"["","", ""\"""", """"]"	"["","", ""\"""", """"]"	1	0	1
552bc028cfccb555978e400be7f3fbbd	normal	"["","", ""\"""", """"]"	"["","", ""\"""", """"]"	1	1	1
552f4609fa356a994ca278b157f889d2	normal	"["","", """", """"]"	"["","", """", """"]"	1	1	1
5551d185b09793af0b301ef2def018da	human	"["","", ""\"""", """"]"	"["","", ""\"""", """"]"	1	1	1
555c7ebbce52b4c9238782f7ae49757f	human	"["","", """", """"]"	"["","", """", """"]"	1	1	1
55bc33227e52f071c27dca6d2c0c2e49	human	"["","", """", """"]"	"["","", """", """"]"	1	0	1
56201fda13114a15fd44aebea5517cda	normal	"["","", """", """"]"	"["","", """", """"]"	1	1	1
5683068a1848ef203cd6eaf3a7df91c2	human	"["","", ""\"""", """"]"	"["","", ""\"""", """"]"	1	0	1
56e59c780d66e49d27cf0240c312e20e	human	"["";"", """", """"]"	"["";"", """", """"]"	1	1	1
578c8b50a992f19072f75fa35deabd57	normal	"["","", """", """"]"	"["","", """", """"]"	1	0	1
57dd51432001a729665de8fd56af5934	normal	"["","", ""\"""", """"]"	"["","", ""\"""", """"]"	1	1	1
587d62098c982a80942dc972c887ae1e	human	"["""", """", """"]"	"["" "", """", """"]"	0	1	1
58be8666c4ad2728bd143853a89b2fcc	normal	"["","", ""\"""", """"]"	"["","", ""\"""", """"]"	1	0	1
58de11988c55a51c23c77c1039c06165	normal	"["","", """", """"]"	"["","", """", """"]"	1	0	1
596414ddac4294f2d241f45c985d6aed	normal	"["","", """", """"]"	"["","", """", """"]"	1	0	1
598c29d854d55427ba254d9679faff1c	human	"["","", ""\"""", """"]"	"["","", ""\"""", """"]"	1	1	1
59a5b9b2a70af3954210f1ddfa38815f	human	"["","", ""\"""", """"]"	"["","", ""\"""", """"]"	1	0	1
5b141be6c5b38987a8ea728afbc681c4	human	"["","", ""\"""", """"]"	"["","", ""\"""", """"]"	1	0	1
5b7ed00460c1db2d1c1de465566f747c	human	"["","", ""\"""", """"]"	"["","", ""\"""", """"]"	1	0	1
5bb898fb41fd93efbfae2f7059adf96d	normal	"["","", """", """"]"	"["","", """", """"]"	1	1	1
5c09b71cce719b7b00e9246fd2d1304f	human	"["","", """", """"]"	"["","", """", """"]"	1	0	1
5c1da9acc4714708523276dab85f5557	human	"["","", ""\"""", """"]"	"["","", ""\"""", """"]"	1	1	1
5c4e3b40febf1161ac6fc53519748b59	normal	"["","", ""\"""", """"]"	"["","", ""\"""", """"]"	1	1	1
5c5654dc6114a79eb31eed2b8302d432	human	"["";"", """", """"]"	"["";"", """", """"]"	1	0	1
5ccd460885082ed6e176df388a2e2b20	human	"["","", """", """"]"	"["","", """", """"]"	1	0	1
5cdc787b72f55f9478af084518b053ef	human	"["","", ""\"""", """"]"	"["","", ""\"""", """"]"	1	1	1
5d20b19351d645cedba44e128e725d61	human	"["","", ""\"""", """"]"	"["","", ""\"""", """"]"	1	1	1
5d26f67af2d744591fd8378dac7e1fd3	human	"["","", ""\"""", """"]"	"["","", ""\"""", """"]"	1	1	1
5d3e0de630727e37608ee4ef6df58344	human	"["","", ""\"""", """"]"	"["","", ""\"""", """"]"	1	0	1
5d82b0ced78d616ecfc8af3259654c56	human	"["","", ""\"""", """"]"	"["","", ""\"""", """"]"	1	1	1
5d92d5cc8755f0e4de0b55595c588951	normal	"["","", """", """"]"	"["","", """", """"]"	1	0	1
5da42e6b017c4d3f6a55de7321064fdf	human	"["","", ""\"""", """"]"	"["","", ""\"""", """"]"	1	0	1
5f04ec14767abd180b7bef7724874ff7	human	"["","", """", """"]"	"["","", """", """"]"	1		1
5fb887d04ea1b30e8d083f3ada53f5b3	human	"["","", """", """"]"	"["","", """", """"]"	1	0	1
5ffc1c6ca7ec7dee22c6020f10104f9b	human	"["","", ""\"""", """"]"	"["","", ""\"""", """"]"	1	0	1
60ca78ef70fc94b16c0d4847f7f3e8b7	normal	"["";"", ""\"""", """"]"	"["";"", ""\"""", """"]"	1	1	1
60cc2601abb12aa5c49ea02ce9c6fb17	human	"["","", ""\"""", """"]"	"["","", ""\"""", """"]"	1	1	1
60fff744f88feb26ae93f0fc826d51b4	human	"["""", """", """"]"	"[""@"", """", """"]"	0	0	1
6103d46e82b3a28f157729eb98670151	human	"["","", ""\"""", """"]"	"["","", ""\"""", """"]"	1		1
61054e722b90f517c2ac8ff62a381d75	human	"["","", ""\"""", """"]"	"["","", ""\"""", """"]"	1	0	1
6144c31d02f0ade2e4a26c3b5789cab3	human	"["","", ""\"""", """"]"	"["","", ""\"""", """"]"	1	0	1
619a58431b17c81ab17f476bd3047bbd	human	"["","", """", """"]"	"["","", """", """"]"	1	0	1
61ab29a20218c89358d4d082e7cc6a53	human	"["","", ""\"""", """"]"	"["","", ""\"""", """"]"	1	0	1
61f4f13cb9e8cd2b3466e409dd6e838b	human	"["","", ""\"""", ""\\""]"	"["","", ""\"""", ""\\""]"	1	0	1
622acf3b58ceacf372e41f92b600f425	human	"["","", """", """"]"	"["","", """", """"]"	1	0	1
62a831624bcf70d3a43f2059f5c2a1c6	human	"["";"", """", """"]"	"["";"", """", """"]"	1	1	1
631f9b9d67b969bc423360924f4b94fd	human	"["","", """", """"]"	"["","", """", """"]"	1	1	1
63322ca3c6174a080db846ed03235453	human	"["","", ""\"""", """"]"	"["","", ""\"""", """"]"	1		1
6367b9c5338b9a035a221cfffd928e92	human	"["","", ""\"""", """"]"	"["">"", """", """"]"	0	0	1
637258ccd4d8e59ec1e34bb11dd26016	human	"["";"", ""\"""", """"]"	"["";"", ""\"""", """"]"	1	1	1
638861bd58a7b495e233cf3b26593bea	normal	"["","", ""\"""", """"]"	"["","", ""\"""", """"]"	1	0	1
63a25aed1eacc7d20a0ac742061c372a	normal	"["""", ""\"""", """"]"	"["""", ""\"""", """"]"	1	1	1
63a65fbb055c75d6ae4cb0d311cd4849	human	"["","", ""\"""", """"]"	"["","", ""\"""", """"]"	1	1	1
63b4a2cb3a80ea3ce9a475cfdbb376fb	human	"["","", ""\"""", """"]"	"["","", ""\"""", """"]"	1	1	1
63b90b6818598f58c70044a79089cd4f	normal	"["","", """", """"]"	"["","", """", """"]"	1	0	1
63cca2db794e64833695406fc6cfbca8	human	"["","", """", """"]"	"["","", """", """"]"	1		1
640441475b095d689a1d022e988d7566	human	"["","", """", """"]"	"["","", """", """"]"	1	0	1
6531adc40fb204f6d2d6b2db58194e96	normal	"["","", ""\"""", """"]"	"["","", ""\"""", """"]"	1	1	1
65962a909a0030c35728c2c3c738277b	human	"["","", """", """"]"	"["","", """", """"]"	1	0	1
66c8f977d15e9048ab600cab6cadf335	human	"["","", ""\"""", """"]"	"["","", ""\"""", """"]"	1	1	1
66f33c212605c799826d480516fc20ac	human	"["","", ""\"""", """"]"	"["","", ""\"""", """"]"	1	1	1
67d3b273d581ea4788e827c0b6f84c34	normal	"["","", """", """"]"	"["","", """", """"]"	1	1	1
6823bd2bddf56e2a1fc9196312393c95	human	"["","", ""\"""", """"]"	"["","", ""\"""", """"]"	1	1	1
68530e2ad5cdaa4a6e0bec32601fe940	human	"["";"", """", """"]"	"["";"", """", """"]"	1	1	1
68a7b6f97a5dade6f48489ce741af808	normal	"["","", ""\"""", """"]"	"["","", ""\"""", """"]"	1	1	1
68e5d19e6add877e3ebe81078f28e550	human	"["","", ""\"""", """"]"	"["","", ""\"""", """"]"	1	0	1
68f0073e29351936987b24d497cf7f0b	normal	"["","", ""\"""", """"]"	"["","", ""\"""", """"]"	1	1	1
68ff418964b1ce51b3719509a303cc40	human	"["","", ""\"""", """"]"	"["","", ""\"""", """"]"	1	0	1
692c4453ed2996002c43f54ffe54e125	normal	"["","", """", """"]"	"["","", """", """"]"	1	0	1
6958ef3bcfe7daafd89820de0be64d44	human	"["","", ""\"""", """"]"	"["","", ""\"""", """"]"	1	0	1
696d936e82ebd103ce2447a9357bd6c5	human	"["","", ""\"""", """"]"	"["","", ""\"""", """"]"	1	0	1
6a22147d12ea463b62ae6f071f3df62c	normal	"["","", ""\"""", """"]"	"["","", ""\"""", """"]"	1	1	1
6a75cb696c9d6eeb08d7378b2eb78fdc	human	"["","", ""\"""", """"]"	"["","", ""\"""", """"]"	1	0	1
6a970796c7fb908993d8c677e7633cd1	human	"["","", ""\"""", """"]"	"["","", ""\"""", """"]"	1	1	1
6aa07a3eac780e2e115cb240db5227c9	human	"["","", ""\"""", """"]"	"["","", ""\"""", """"]"	1	1	1
6adfaee2ce3ae49fcbcf31db79175522	normal	"["","", """", """"]"	"["","", """", """"]"	1	1	1
6ae2206f8f98b26b94654595630244a5	normal	"["","", """", """"]"	"["","", """", """"]"	1	0	1
6b2bc1f02fdbf06fed57d6459649aa90	human	"["","", ""\"""", """"]"	"["","", ""\"""", """"]"	1	0	1
6b946ab528af2dbb0e386273a30d3190	human	"["";"", """", """"]"	"["";"", """", """"]"	1	0	1
6bc2138fe6e7b97eacfc8bee1a286377	human	"["","", """", """"]"	"["","", """", """"]"	1	1	1
6c94a8c23dc8176eb0adcfbcbb7b0cc8	human	"["","", ""\"""", """"]"	"["","", ""\"""", """"]"	1	0	1
6cbf64c94917b71201c0c9f10fb3d18f	normal	"["","", """", """"]"	"["","", """", """"]"	1	0	1
6ce6ea8dfae5509eceba6249dea02227	human	"["","", """", """"]"	"["","", """", """"]"	1	1	1
6d13e82498b6fe9771121ef6b1982cbf	human	"["","", ""\"""", """"]"	"["","", ""\"""", """"]"	1	1	1
6d2eb7110a35c6ad6e706d79fe5fd44d	human	"["","", """", """"]"	"["","", """", """"]"	1	0	1
6d626882e7f5673b2657b1569e0bd26b	normal	"["","", ""\"""", """"]"	"["","", ""\"""", """"]"	1	1	1
6d7d50326cdd6039a01b435e12d05756	human	"["","", ""\"""", """"]"	"["","", ""\"""", """"]"	1	1	1
6dd4661e00f64a290b564f6c85b3e158	human	"["","", ""\"""", """"]"	"["","", ""\"""", """"]"	1	1	1
6dfaa3bdef4aac45d6a908841b2853c7	normal	"["","", ""\"""", """"]"	"["","", ""\"""", """"]"	1	1	1
6e5fd9a8a16b0ee606348077ee493072	human	"["","", ""\"""", """"]"	"["","", ""\"""", """"]"	1	1	1
6e6cb9fd660057a0f86a38e00043eefe	human	"["","", ""\"""", """"]"	"["","", ""\"""", """"]"	1	0	1
6ec9c3d39438944aba0699b767b3a087	human	"["","", ""\"""", """"]"	"["","", ""\"""", """"]"	1	0	1
6ed00abf2555b797ee524124241ba3f7	normal	"["","", ""\"""", """"]"	"["","", ""\"""", """"]"	1	1	1
6ee662d5184b035abc6586337dc0777a	human	"["","", """", """"]"	"["","", """", """"]"	1	1	1
6f303da5c92ed672ca022b8ab56dfdf1	human	"["","", """", """"]"	"["","", """", """"]"	1	1	1
6f7d0046b648d6d56724edc2497158c0	human	"["","", """", """"]"	"["","", """", """"]"	1	0	1
6fa598c9d13a481a21eae4bbcbfcb010	normal	"["","", """", """"]"	"["","", """", """"]"	1	1	1
6fab3df637f532e296feb5aff1507131	human	"["","", ""\"""", """"]"	"["","", ""\"""", """"]"	1	0	1
701205c9ad6db829e30562b2195fba69	human	"[""|"", """", """"]"	"[""|"", """", """"]"	1	0	1
701fb927221987b73152b5f6cdd30f6b	human	"["","", ""\"""", """"]"	"["","", ""\"""", """"]"	1	0	1
705a5fccc3422a0d13fd72a1adb08778	human	"["","", ""\"""", """"]"	"["","", ""\"""", """"]"	1	0	1
70e390fb5b8c80ecc96a3135f3273375	human	"["","", ""\"""", """"]"	"["","", ""\"""", """"]"	1	1	1
71a54cf083a9b7df62351848a83432ff	human	"["","", """", """"]"	"["","", """", """"]"	1	1	1
71c830ccc43f320fe5af4ef1184e5d35	normal	"["","", ""\"""", """"]"	"["","", ""\"""", """"]"	1	0	1
721c66c13667a0bbfda62ed3af8d853c	normal	"["","", """", """"]"	"["","", """", """"]"	1	1	1
72534741eb4971ef8b69528146a93b42	human	"["","", ""\"""", """"]"	"["","", ""\"""", """"]"	1	1	1
72acf413b96f6e44a340790968fd59b8	normal	"["","", """", """"]"	"["","", """", """"]"	1	1	1
73627f9f72d89d62c817f8c45163aa98	normal	"["","", ""\"""", """"]"	"["","", ""\"""", """"]"	1	1	1
73ff7717a9e45dcf5199fcfeeb6946bd	normal	"["","", ""\"""", """"]"	"["","", ""\"""", """"]"	1	1	1
740332903a426f51998d46b01dc21275	human	"["","", """", """"]"	"["","", """", """"]"	1	0	1
7432562e9991d1b1a47d26d4d28f572d	human	"["","", """", """"]"	"["","", """", """"]"	1	0	1
747e3dc896dcaa7442a548a88f89428b	normal	"["","", """", """"]"	"["","", """", """"]"	1	1	1
74a135643e5a10d21d8563586c2e9baf	human	"["","", """", """"]"	"["","", """", """"]"	1	0	1
74e3165cc6af62a1b129b67b46a10ddc	human	"["","", ""\"""", """"]"	"["","", ""\"""", """"]"	1	0	1
74e6c45f4b91316801db4c38bbd8f5fc	human	"["","", """", """"]"	"["","", """", """"]"	1	1	1
74e854a596476593b632a435a073e2c8	human	"["","", ""\"""", """"]"	"["","", ""\"""", """"]"	1	1	1
750580b138e212fcb8a9658abb75b496	human	"["","", ""\"""", """"]"	"["","", ""\"""", """"]"	1	1	1
75955fb48c77872afa6582ca8ca6d4bb	human	"["","", ""\"""", """"]"	"["","", ""\"""", """"]"	1	0	1
75ec3203f9ec673d9e1276d9a591f180	human	"["","", ""\"""", """"]"	"["","", ""\"""", """"]"	1	0	1
7615980c1e91d42112fbff803f9883ae	human	"["","", ""\"""", """"]"	"["","", ""\"""", """"]"	1	0	1
76233edc63a8f1efd65fe6fdedf6f64b	human	"["","", """", """"]"	"["","", """", """"]"	1	1	1
764adfe83bef3e9ee16911c8e1b2c3ef	human	"["","", ""\"""", """"]"	"["","", ""\"""", """"]"	1	0	1
7750a56437826e7e3882e59a3ce66b71	human	"["","", ""\"""", """"]"	"["","", ""\"""", """"]"	1	1	1
778068a823a075870d8605f451e69b8d	human	"["","", ""\"""", """"]"	"[""%"", ""\"""", """"]"	0	0	1
77cfc619a6daff5d5caac8eab3c46d4b	human	"["","", ""\"""", """"]"	"["","", ""\"""", """"]"	1	1	1
781c05d404437cfdeb4430d65baecc56	human	"["","", ""\"""", """"]"	"["","", ""\"""", """"]"	1	1	1
7822f63c89c32c6e3f8d2d382062813b	normal	"["","", """", """"]"	"["","", """", """"]"	1	0	1
7842ace6cd68ba161575bd41402437c5	human	"["","", ""\"""", """"]"	"["","", ""\"""", """"]"	1	1	1
7855f9f1cad29a77c39dbf46f01cbb0c	normal	"["","", ""\"""", """"]"	"["","", ""\"""", """"]"	1	1	1
78bdc827cee2a98a95fa4c938d2ae24c	human	"["","", ""\"""", """"]"	"["","", ""\"""", """"]"	1	0	1
793e1ff86039f24caff6fad87a094fa1	human	"["","", ""\"""", """"]"	"["","", ""\"""", """"]"	1	1	1
79486f142f1f53f0fd33bf30067d064d	human	"["","", """", """"]"	"["","", """", """"]"	1	0	1
795964057763da750971f0990cc3ef47	human	"["","", ""\"""", """"]"	"["","", ""\"""", """"]"	1	1	1
796c91a66d8e955b4336e0c115bb95ac	normal	"["";"", """", """"]"	"["";"", """", """"]"	1	0	1
7978051d76752b3c645e9c4f07f11afe	human	"["","", """", """"]"	"["","", """", """"]"	1	0	1
798b0bb73a60867efcf837b124dea218	human	"["","", ""\"""", """"]"	"["","", ""\"""", """"]"	1	1	1
79ad56c2c15f6ee621fe91a6d774bd2b	normal	"["","", """", """"]"	"["","", """", """"]"	1	1	1
7ac2c3e056e1084ffbade3bfd0fd6450	human	"["","", ""\"""", """"]"	"["","", ""\"""", """"]"	1	1	1
7be02bc65fd8ad5b1d42833d0e7258b7	human	"["","", """", """"]"	"["","", """", """"]"	1	1	1
7bed01499422c80ffdfff214d14eb6b3	human	"["","", """", """"]"	"["","", """", """"]"	1	1	1
7bf85c06acb8b4be78ec55b43fdb1d69	human	"["","", """", """"]"	"["","", """", """"]"	1	1	1
7c3287665a4054a3268035e76df7b5bb	human	"["","", """", """"]"	"["","", """", """"]"	1	1	1
7c6d6e21829300d4762f4760b67ed0a3	normal	"["","", ""\"""", """"]"	"["","", ""\"""", """"]"	1	1	1
7c96c3e9282f6ea4e052e798b34708e9	human	"["","", """", """"]"	"["","", """", """"]"	1	0	1
7cf6b191f2f116e509d150d8681a9521	human	"["","", ""\"""", """"]"	"["" "", """", """"]"	0	1	1
7cff19d6164228d079527d048c158d51	normal	"["";"", ""\"""", """"]"	"["";"", ""\"""", """"]"	1	1	1
7d081c17835165b3d1fccd4a6d57cff1	normal	"[""\t"", """", """"]"	"[""\t"", """", """"]"	1	1	1
7d6e29d8dceed2f4a63a75be162b6b7b	human	"["","", ""\"""", """"]"	"["","", ""\"""", """"]"	1	0	1
7d82ca0b4b041d19775da744a89777c2	human	"["","", ""\"""", """"]"	"["","", ""\"""", """"]"	1	1	1
7ded3be1d00ee9a35a7e2f0e3bde3c59	human	"["","", ""\"""", """"]"	"["","", ""\"""", """"]"	1	0	1
7e08b666ee061172ecd9c96ad2201826	human	"["","", ""\"""", """"]"	"["","", ""\"""", """"]"	1	1	1
7e2de1d04684b3e59eb3d3b39289b6e0	human	"["","", ""\"""", """"]"	"["","", ""\"""", """"]"	1	0	1
7ecb4fdb6e3b515a837e81ec6d39d2eb	human	"["","", ""\"""", """"]"	"["","", ""\"""", """"]"	1	1	1
7fc4d81970e78aa57364dd72cae408cd	human	"["","", ""\"""", """"]"	"[""%"", ""\"""", """"]"	0	0	1
800fd5171259b38f279dbb973e90b38f	human	"["","", """", """"]"	"["","", """", """"]"	1	1	1
803eec6afff669cbd768c47dd242b476	normal	"["","", ""\"""", """"]"	"["","", ""\"""", """"]"	1	1	1
806c0a6dd38e9da955dd02e9598042bb	human	"["","", ""\"""", """"]"	"["","", ""\"""", """"]"	1	1	1
808151cc3e7dbd97355c9b25755c751b	human	"["","", ""\"""", """"]"	"["","", ""\"""", """"]"	1	1	1
809dbef7643ecf3450ce0985e493de76	human	"["";"", """", """"]"	"["";"", """", """"]"	1	1	1
812f0b3ab27c2a0ca7afd627a31d657c	human	"["","", """", """"]"	"["","", """", """"]"	1	1	1
826ecd927a626f27e3a48265fd4a6c08	human	"["","", """", """"]"	"["","", """", """"]"	1	1	1
826f9d9cec7f1cd1531cdaa104c2f58c	human	"["","", """", """"]"	"["","", """", """"]"	1	1	1
82b85c4a16f64a9c95b48199903161bd	normal	"["","", """", """"]"	"["","", """", """"]"	1	0	1
82c720b7091979e27a4de867d0a557d7	normal	"["""", """", """"]"	"["""", """", """"]"	1		1
83161c1fd1a0c3db9d4bed9b45fce079	normal	"["","", """", """"]"	"["","", """", """"]"	1	1	1
8325c6de33e1396a4e4e92d2637be04a	normal	"["","", """", """"]"	"["","", """", """"]"	1	0	1
836513f9c57aebe1a752fbc5a70894f8	human	"["","", ""\"""", """"]"	"["","", ""\"""", """"]"	1	0	1
83ee0d7bf041c8ce8783f7e5e43c6887	human	"["","", ""\"""", """"]"	"["","", ""\"""", """"]"	1	1	1
846c36847593f261306eb8499dc24f3a	normal	"["","", ""\"""", """"]"	"["","", ""\"""", """"]"	1	1	1
849753d3390e0c8b440922354430dd14	human	"["","", ""`"", """"]"	"["","", ""`"", """"]"	1	0	1
852819375224503c2f5458dc1a5796e6	human	"["","", """", """"]"	"["","", """", """"]"	1	0	1
852efaee7d07a426a0b7c8c692bc55f4	human	"["","", ""\"""", """"]"	"["" "", """", """"]"	0	1	1
86018cd10e65370b7c8080a16e25f44b	human	"["","", ""\"""", """"]"	"["","", ""\"""", """"]"	1	1	1
8646ea78cceaa78b81b3532ce8bdbaf5	human	"["","", ""\"""", """"]"	"["","", ""\"""", """"]"	1	0	1
8697a3944ddd799808ea14f5e794700a	human	"["","", ""\"""", """"]"	"["","", ""\"""", """"]"	1	0	1
871cdb26cf901fe48a5d2d88e01df2a2	normal	"["";"", ""\"""", """"]"	"["";"", ""\"""", """"]"	1	0	1
8722878e7a864d12ea6d5a6436ba41b9	normal	"["","", ""\"""", """"]"	"["","", ""\"""", """"]"	1	1	1
8722c27db7856dededd6107f12b1371e	human	"[""|"", """", """"]"	"[""|"", """", """"]"	1	1	1
87902380fdf7e26622468bd588c2bf8c	human	"["","", ""\"""", """"]"	"["","", ""\"""", """"]"	1		1
88471f328cb7a00c8ac72c07deaff323	human	"["","", """", """"]"	"["","", """", """"]"	1	1	1
8864183df6c457fac4c69692e229148a	normal	"["","", """", """"]"	"["","", """", """"]"	1	1	1
88fb471634cee2f1446449690b1957e4	human	"["";"", """", """"]"	"["";"", """", """"]"	1	1	1
893784cbfd63f84c1b26e54f6001ec24	normal	"["","", """", """"]"	"["","", """", """"]"	1	1	1
8972ad7519668f56f804f6d897cfe342	human	"["","", ""\"""", """"]"	"["","", ""\"""", """"]"	1	1	1
899da9c7258f93b7e85dea5f7f21c145	human	"["","", ""\"""", """"]"	"["","", ""\"""", """"]"	1	1	1
89b9d714043da9ca76d1019193e5e7ef	normal	"["","", ""\"""", """"]"	"["","", ""\"""", """"]"	1	1	1
89f4b201d9afe3f58935a86179360f04	human	"["","", ""\"""", """"]"	"["","", """", """"]"	0	1	1
89fcdcc77d2ec92257ce9b39412f76b6	normal	"["","", """", """"]"	"["","", """", """"]"	1	0	1
8a0e7600a1405cbe2b40993b18fe28ff	normal	"["","", """", """"]"	"["","", """", """"]"	1	0	1
8a4c428e573f4e4d988242ce38aad70c	human	"["","", ""\"""", """"]"	"["","", ""\"""", """"]"	1	0	1
8b63b5fa97752e15aa185a3eb7b5c82f	normal	"["","", ""\"""", """"]"	"["","", ""\"""", """"]"	1	0	1
8bfe655ade60578b0614c33363924383	normal	"["","", ""\"""", """"]"	"["","", ""\"""", """"]"	1	1	1
8c815b6cf07cee4b1c5c8203ed2381b3	normal	"["","", """", """"]"	"["","", """", """"]"	1	1	1
8c937dbf65ec416ea1dae4536c1dba45	normal	"["","", """", """"]"	"["","", """", """"]"	1	1	1
8dd2e5d58dbf6ffabf3998aae54b15c8	human	"["","", """", """"]"	"["","", """", """"]"	1	1	1
8dd34891c91597553e2a3e3c9eaf1b0e	human	"["","", ""\"""", """"]"	"["","", ""\"""", """"]"	1	0	1
8e7f9d8c4a64a4bfc6212d738b1109ee	normal	"["","", """", """"]"	"["","", """", """"]"	1	1	1
8e945c094f6e082085a18d6d3f810903	normal	"["","", """", """"]"	"["","", """", """"]"	1	1	1
8ecafe4742797583d3344920a3a80d71	human	"["","", """", """"]"	"["","", """", """"]"	1	0	1
8f94db33591ef9cf24d02eb02574a39f	normal	"["","", """", """"]"	"["","", """", """"]"	1	1	1
90274ead8db01f9adf3c1d56d81c49ff	human	"["","", ""\"""", """"]"	"["","", ""\"""", """"]"	1	0	1
915a7dc2f835d08387b9ccafbe524c82	human	"["","", ""\"""", """"]"	"["","", ""\"""", """"]"	1	0	1
91df1e3681e51cd984c9f53b37232c08	human	"[""|"", """", """"]"	"[""|"", """", """"]"	1	0	1
922d75b02da0d98e2ccdd85ec365a47e	human	"["","", ""\"""", """"]"	"["","", ""\"""", """"]"	1	0	1
9231ab90b25fdc2c95d97f20df1195b7	human	"["","", ""\"""", """"]"	"["","", ""\"""", """"]"	1	1	1
92da0940c151f2e102348baa64ca4d3a	human	"["","", ""\"""", """"]"	"["","", ""\"""", """"]"	1	0	1
9317b8f416bdbd78c3e560cf186c9fed	normal	"["","", """", """"]"	"["","", """", """"]"	1	1	1
934b8e14e0f0c794c5a211450d6d99ea	normal	"["","", ""\"""", """"]"	"["","", ""\"""", """"]"	1	0	1
940455f3d2eabc4a72f63f876b37a181	human	"["","", ""\"""", """"]"	"["","", ""\"""", """"]"	1		1
9407547fbe162bc2e3c7d009d1775ded	human	"["" "", """", """"]"	"["" "", """", """"]"	1	0	1
94117d09adfff56d738d4518387a1171	human	"["","", """", """"]"	"["","", """", """"]"	1	1	1
94412daab8ddcced95b60e2235572e04	normal	"["";"", """", """"]"	"["";"", """", """"]"	1		1
9568630adbd6c5f67fb61ff12b7be0cd	normal	"["","", """", """"]"	"["","", """", """"]"	1	0	1
957534b7038e330bac710e8f21c630a2	human	"["","", ""\"""", """"]"	"["","", ""\"""", """"]"	1	0	1
9584d814d46d5c51244d815266178158	human	"["","", ""\"""", """"]"	"["","", ""\"""", """"]"	1	1	1
965f46d7415fef5e6e21dcce64df5ada	human	"["","", """", """"]"	"["","", """", """"]"	1	1	1
966d39b67fa766fc89312eb11a278c8b	normal	"["","", ""\"""", """"]"	"["","", ""\"""", """"]"	1	1	1
96837041c19b176dacae6f092f2f1f57	human	"["","", """", """"]"	"["","", """", """"]"	1	1	1
9687799d0a3bc056bde3ab24b2cec8c3	normal	"["","", """", """"]"	"["","", """", """"]"	1	1	1
9697a3ec0dbeeef25f70821871f030fb	human	"["","", ""\"""", """"]"	"["","", ""\"""", """"]"	1	0	1
96b5213f5b7a29d93ebf6e9e3e260102	human	"["","", ""\"""", """"]"	"["","", ""\"""", """"]"	1	0	1
96e41368570949c0b6fb1a93bc7032ae	human	"["","", """", """"]"	"["","", """", """"]"	1	0	1
96f14d06ecffae1f73e02eededfe44ae	normal	"["","", """", """"]"	"["","", """", """"]"	1	1	1
975ebdba0a50061b1798da50f03be6d4	normal	"["","", ""\"""", """"]"	"["","", ""\"""", """"]"	1	1	1
980ea550114fb9a58764c5f6f7997594	human	"["","", ""\"""", """"]"	"["","", ""\"""", """"]"	1	1	1
9866514f3242e98564336dad482c1a0a	human	"["","", ""\"""", """"]"	"["","", ""\"""", """"]"	1	0	1
987311a6214041b087c26ce183a8466f	human	"["","", ""\"""", """"]"	"["","", ""\"""", """"]"	1	1	1
98a5e114b71f9afa9246d36a10293708	human	"["","", ""\"""", """"]"	"["","", ""\"""", """"]"	1	0	1
98d5b65cf990125a8167e5fd331e48e4	normal	"["","", """", """"]"	"["","", """", """"]"	1	0	1
98df4b3ba9ffbf1597e5f3fe272495fe	normal	"["","", ""\"""", """"]"	"["","", ""\"""", """"]"	1	1	1
98e8da1cf70d307f243f3d10032e695c	normal	"["","", """", """"]"	"["","", """", """"]"	1	1	1
990eaa913930423f181d237a24698db7	human	"["","", """", """"]"	"["","", """", """"]"	1	1	1
9997fb7b5e0a715c223695e98ad033da	human	"["","", ""\"""", """"]"	"["","", ""\"""", """"]"	1	0	1
9a2535912d43beaa2238257e5838069b	human	"["" "", """", """"]"	"["" "", """", """"]"	1	0	1
9ad8df1a3f129d24d5767bfadbba30ea	human	"["","", """", """"]"	"["","", """", """"]"	1	1	1
9aef1074648889f350de2bf0f94dfa9e	human	"["","", ""\"""", """"]"	"["","", ""\"""", """"]"	1	1	1
9b2afd0e74715753c4a479090b01cb8b	human	"["","", """", """"]"	"["","", """", """"]"	1	1	1
9b569e0d12795bf86b7bde1552d37d5c	human	"["","", ""\"""", """"]"	"["","", ""\"""", """"]"	1	0	1
9c91aec048cfcf8229ffebe2841f415b	normal	"["""", """", """"]"	"["""", """", """"]"	1	0	1
9c9bc4da36c1ca980d44f1497dfe4183	human	"["","", """", """"]"	"["","", """", """"]"	1	1	1
9cff3101135876578de6d7a3b73a9aaa	normal	"["","", ""\"""", """"]"	"["","", ""\"""", """"]"	1	1	1
9d097fa82130f9f7da21385485d6d321	human	"["","", ""\"""", """"]"	"["","", ""\"""", """"]"	1	0	1
9d1962ce2980c1a6850f8d4569bebf4e	human	"["","", ""\"""", """"]"	"["","", ""\"""", """"]"	1	0	1
9dbfcfadfe7dd5016bf88e4ced90cc61	human	"["","", """", """"]"	"["","", """", """"]"	1	1	1
9dccfcf47490cc4c85caa2f953f31472	human	"["","", ""\"""", """"]"	"["","", ""\"""", """"]"	1	0	1
9dda17405efc7f39e7ac54bc593ef866	human	"["","", """", """"]"	"["","", """", """"]"	1	0	1
9dee3f18c9fcaf4e69603aa55c865312	human	"[""\t"", """", """"]"	"[""\t"", """", """"]"	1	0	1
9dfca275f5bf55c43b7027800e724daa	human	"["","", ""\"""", """"]"	"["","", ""\"""", """"]"	1	0	1
9e03f231511cb4073e9148aa9dc8ffa6	normal	"["","", """", """"]"	"["","", """", """"]"	1	1	1
9e900b5f4a0308f2a6aacd3f438c7751	normal	"["","", """", """"]"	"["","", """", """"]"	1	1	1
9ed2d2573d8dc1d2e014edf2bb93db8e	normal	"["","", """", """"]"	"["","", """", """"]"	1	1	1
9f01b3ff59ed358e96c8d7251504a485	human	"["","", """", """"]"	"["","", """", """"]"	1	0	1
9f2c3ea68cd16a61b69fa73928db0be9	human	"["","", """", """"]"	"["","", """", """"]"	1	0	1
9f4be743cb4ba29284b5df373a77d5e4	normal	"["";"", ""\"""", """"]"	"["";"", ""\"""", """"]"	1	1	1
9f62de55be5a553a929b0f5e12631631	normal	"["","", """", """"]"	"["","", """", """"]"	1	1	1
a011958b1ebcc1f4d7ca593a362f4cf7	human	"["","", ""\"""", """"]"	"["","", ""\"""", """"]"	1	0	1
a02561ae94b61c2a9720972ac6b23f94	human	"["";"", """", """"]"	"["";"", """", """"]"	1	1	1
a12794ac08939f780e9ea500f15368ef	human	"["";"", """", """"]"	"["";"", """", """"]"	1		1
a1341e4b49cd048d8731356aafd6deb8	normal	"["","", ""\"""", """"]"	"["","", ""\"""", """"]"	1	1	1
a14e16722549d46c6f548c4006175c4d	human	"["","", """", """"]"	"["","", """", """"]"	1	1	1
a1b5dadd5b8ebb054057387b3db70215	human	"[""\t"", ""\"""", """"]"	"[""\t"", """", """"]"	0	1	1
a24394b6e77b08aa051ec0659675aa40	normal	"["","", """", """"]"	"["","", """", """"]"	1	0	1
a2a32fc891aba9ca7f5035e05b2c9675	normal	"["","", ""\"""", """"]"	"["","", ""\"""", """"]"	1	1	1
a3734ad69ff390ba93680b726f66dc5c	human	"["","", """", """"]"	"["","", """", """"]"	1	1	1
a3b3b69d0ea4716a6d7df4c4699fdcf7	human	"["","", ""\"""", """"]"	"["","", ""\"""", """"]"	1	1	1
a40d016a19720ee08df00497f6d1ed08	human	"["","", ""\"""", """"]"	"["","", ""\"""", """"]"	1	0	1
a472cde617b7dd904507b7df6c22d059	human	"["","", ""\"""", """"]"	"["","", ""\"""", """"]"	1	0	1
a4c5b3c5ff4d7b611681154946c07aad	normal	"["","", """", """"]"	"["","", """", """"]"	1	0	1
a4f6c40fb1a3525ee76aaa1d8477c7e6	human	"["","", ""\"""", """"]"	"["","", ""\"""", """"]"	1	1	1
a50cc1aa825a9fbf2293ac6618c1885f	human	"["","", ""\"""", """"]"	"["","", ""\"""", """"]"	1	1	1
a66e3c7e8ca042f7799f9326985a6a38	human	"["","", ""\"""", """"]"	"["","", ""\"""", """"]"	1	1	1
a6835310cdad2bba3b4a96c36f2cfef2	normal	"["","", ""\"""", """"]"	"["","", ""\"""", """"]"	1	1	1
a690568da03b977c55d7978c7ddb11be	human	"["","", ""\"""", """"]"	"["","", ""\"""", """"]"	1	0	1
a6ccf7aa7958dce6bfce0f0a3ebd948f	human	"["","", ""\"""", """"]"	"["","", ""\"""", """"]"	1	1	1
a6d28fe3450b1e9a86a77e13d0e56c70	human	"["","", ""\"""", """"]"	"["","", ""\"""", """"]"	1	1	1
a6dbe35c1c67fbe84a233f63833f9e91	normal	"["","", """", """"]"	"["","", """", """"]"	1	1	1
a72fa7269d8362445892662587e406ca	normal	"["","", """", """"]"	"["","", """", """"]"	1	0	1
a74522e060b229a80883268c8751bcf0	human	"["";"", """", """"]"	"["";"", """", """"]"	1	1	1
a7a1efafecd56774d4a74cb3e29b61f2	human	"["","", ""\"""", """"]"	"["","", ""\"""", """"]"	1	0	1
a7d40fc23fa57d878656ebc5365ccb92	normal	"["","", """", """"]"	"["","", """", """"]"	1	0	1
a8f92db449587bedadac5d0fdf8c7bc5	human	"["","", ""\"""", """"]"	"["","", ""\"""", """"]"	1	1	1
aa228e7dd3fe436ada39133ebb004378	normal	"["","", """", """"]"	"["","", """", """"]"	1	1	1
aa27d75ad81a694ea86f133d7af619b2	human	"["";"", """", """"]"	"["";"", """", """"]"	1	0	1
aa93df0f177f3aa822b11aa6dee8b305	normal	"["","", ""\"""", """"]"	"["","", ""\"""", """"]"	1	0	1
aae35d0c322dd176737270ea7328943c	human	"["","", """", """"]"	"["","", """", """"]"	1	0	1
aafa9f988c379722af2fe39bb0f2cb8b	normal	"["","", """", """"]"	"["","", """", """"]"	1	0	1
ab5b1eda4fb90deb863d3e21c7cdfa58	human	"["","", ""\"""", """"]"	"["","", ""\"""", """"]"	1	1	1
ab754ef5bcdf0a3d87680455e63b8c75	human	"["","", ""\"""", """"]"	"["","", ""\"""", """"]"	1	1	1
ad59e4f775fd7e47fdf1daaea0c73b2e	human	"["" "", """", """"]"	"["" "", """", """"]"	1	0	1
ad677494cf2033b2eafffc76d9ea8b79	human	"["","", ""\"""", """"]"	"["","", ""\"""", """"]"	1	0	1
ad6b8927934631196063facb47c6f4c5	human	"["","", """", """"]"	"["","", """", """"]"	1	1	1
adaf8e78680dcc57581a39802661de12	normal	"["","", """", """"]"	"["","", """", """"]"	1	1	1
adb22b94b78cf0d8a748a10d80993925	normal	"["","", """", """"]"	"["","", """", """"]"	1	1	1
adccb460f62695dc22be087200f39d9c	human	"["","", ""\"""", """"]"	"["","", ""\"""", """"]"	1		1
add9de7cc8ea04776b0d956cd0f4da86	human	"["","", ""\"""", """"]"	"["","", ""\"""", """"]"	1	0	1
adeb401ce6fb64fafc0abb3adb25f019	normal	"["","", """", """"]"	"["","", """", """"]"	1	0	1
ae1d625981058794c6390f5b1f8abae4	normal	"["","", """", """"]"	"["","", """", """"]"	1	0	1
ae52a72d1f95c5ae6b76bc669e2b750c	human	"["","", ""\"""", """"]"	"["","", ""\"""", """"]"	1	0	1
af289bebfa1c378165fdccbba5077d99	human	"["","", ""\"""", """"]"	"["","", ""\"""", """"]"	1	0	1
af3923d1779406bb23669c6ddc1354e6	human	"["","", """", """"]"	"["","", """", """"]"	1	0	1
af6428cfac6ce33fe8989569dc39d0b1	human	"["","", ""\"""", """"]"	"["","", ""\"""", """"]"	1	1	1
af66760e8f7d47caa5cb95bfa8b44895	normal	"["","", """", """"]"	"["","", """", """"]"	1	1	1
b0085e9a16818698518a49d8720e27c7	human	"["","", ""\"""", """"]"	"["","", ""\"""", """"]"	1	1	1
b18c7a6ff47a0f6baf06cd774cde22d7	human	"["";"", """", """"]"	"["";"", """", """"]"	1	1	1
b1b39b2b72025c9f90d68db225396469	normal	"["""", """", """"]"	"["""", """", """"]"	1	0	1
b1bd37abbb036b320865cb8d225ce81b	human	"["","", """", """"]"	"["","", """", """"]"	1	1	1
b28115736101390f70779a4e81f84bb3	human	"["","", ""\"""", """"]"	"["","", ""\"""", """"]"	1	0	1
b311c3d4946459fd05d6b32726969bf7	normal	"["";"", """", """"]"	"["";"", """", """"]"	1	0	1
b32f8f685a192aed1abc614ed1f35d81	normal	"["","", ""\"""", """"]"	"["","", ""\"""", """"]"	1	1	1
b3374ba132d81530b34df075b97511fd	normal	"["","", ""\"""", """"]"	"["","", ""\"""", """"]"	1	1	1
b33f8ea7b06990d953e72cd1b720d3c8	normal	"["","", """", """"]"	"["","", """", """"]"	1	0	1
b369b47f54ad0b1d0c7792dd62e8e9e9	human	"["","", ""\"""", """"]"	"["","", ""\"""", """"]"	1	0	1
b3e4af2b3d51665b2ef87b9105d9b422	human	"["","", """", """"]"	"["","", """", """"]"	1	0	1
b44cdcd61d2c55d3f0117eaebcec56f2	human	"["","", """", """"]"	"["","", """", """"]"	1	1	1
b4b8efa12aa399ff519b5fcc05030c69	normal	"["";"", """", """"]"	"["";"", """", """"]"	1	1	1
b50b0c6b4f7a37104ecf4629a983268c	human	"["","", ""\"""", """"]"	"["","", ""\"""", """"]"	1	0	1
b512344385b3799732a053d9b88b9c97	normal	"["","", """", """"]"	"["","", """", """"]"	1	0	1
b552565e2482341e429298d46ef91411	normal	"["""", """", """"]"	"["""", """", """"]"	1	0	1
b7232e4060c5f209f470e94c62bbf73e	human	"["";"", """", """"]"	"["";"", """", """"]"	1	1	1
b7288267f46539729f2227ce68bc3d58	normal	"["","", ""\"""", """"]"	"["","", ""\"""", """"]"	1	1	1
b72eb3362b142e62bc6196121b0b1deb	human	"[""|"", """", """"]"	"[""|"", """", """"]"	1	1	1
b830d8e1eac3ea07e6548eeae5649d17	normal	"["","", """", """"]"	"["","", """", """"]"	1	0	1
b8344f47979a15b38874dd89e83e8cf7	human	"["","", ""\"""", """"]"	"["","", ""\"""", """"]"	1	1	1
b862c306771770f17fb5f453b8520e9f	human	"["","", ""\"""", """"]"	"["","", ""\"""", """"]"	1	0	1
b878e4aaa09c2e08a98a4aa21c8c8f2a	normal	"["","", """", """"]"	"["","", """", """"]"	1	1	1
b88353875cfebb99d05ab00ac6a670d6	human	"["","", ""\"""", """"]"	"["","", ""\"""", """"]"	1	1	1
b8e7860ff304ad36bffa78f8f5560ee3	human	"["","", ""\"""", """"]"	"["","", ""\"""", """"]"	1	0	1
b95f2e2804c696549205f4b7ba8c1fc8	human	"["","", ""\"""", """"]"	"["","", ""\"""", """"]"	1	1	1
b9682581b1b803c7356582595c7dc84a	human	"[""\t"", """", """"]"	"[""\t"", """", """"]"	1	1	1
b9836498c294635160b566f5fd45cee9	human	"["","", ""\"""", """"]"	"["","", ""\"""", """"]"	1	1	1
b9b97da8f2d408a1fcdd26bbed0e740a	normal	"["","", """", """"]"	"["","", """", """"]"	1	0	1
b9eabeeb52ee130aa80c6fa8ce921d37	human	"["","", ""\"""", """"]"	"["","", ""\"""", """"]"	1	1	1
ba11ca3220b07a95db32ca7e121c3a00	human	"["","", ""\"""", """"]"	"["","", ""\"""", """"]"	1	1	1
ba99580e38b71ff1a7ad693226837e72	human	"["","", ""\"""", """"]"	"["","", ""\"""", """"]"	1	0	1
bb2a2676180a2e37aacbbed654d55ca3	normal	"["","", """", """"]"	"["","", """", """"]"	1	0	1
bb48958e1589aa59c129a255df48f1a4	normal	"["","", """", """"]"	"["","", """", """"]"	1	0	1
bb84d2b6189870a9ecee35698bb5e019	human	"["","", """", """"]"	"["","", """", """"]"	1	0	1
bb9da80569670bd868ff101303309163	human	"["","", """", """"]"	"["","", """", """"]"	1	1	1
bc335c8b6410acf73082d12136786bd7	normal	"["","", """", """"]"	"["","", """", """"]"	1	0	1
bdaf966938b63a6f3869624aa8a0678f	human	"["","", ""\"""", """"]"	"["","", ""\"""", """"]"	1	0	1
bdc6f74a2b80f54c2899a48a6594afea	normal	"["","", ""\"""", """"]"	"["","", ""\"""", """"]"	1	1	1
be2032c4b558822fca13b857820bd99f	normal	"["","", ""\"""", """"]"	"["","", ""\"""", """"]"	1	0	1
be666ed1cb035618b6645f3fca2a22fc	human	"["","", ""\"""", """"]"	"["","", ""\"""", """"]"	1	0	1
bed2380db5e67f25568f3b12477b2b47	human	"["";"", """", """"]"	"["";"", """", """"]"	1	1	1
befe5a2d9a65edef862a21b21cda9524	human	"["","", ""\"""", """"]"	"["","", ""\"""", """"]"	1	1	1
bf6fc5f4d2f059f881d8a67f008291de	normal	"["","", ""\"""", """"]"	"["","", ""\"""", """"]"	1	0	1
bf7848c40421d5222af4a77e5bab4450	human	"["","", ""\"""", """"]"	"["","", ""\"""", """"]"	1	0	1
bf7f23df13e66d38a5eff9dcb8c656ea	human	"[""\t"", """", """"]"	"[""\t"", """", """"]"	1	0	1
bfe7bb02198b0556cc9fa2eb2962c2da	human	"["";"", """", """"]"	"["";"", """", """"]"	1	0	1
c02633706c63bb0ee63dfc3acd0c950f	human	"["","", """", """"]"	"["","", """", """"]"	1	1	1
c028f94fea7e8bd607abc0daf7f8e299	human	"["","", ""\"""", """"]"	"["","", ""\"""", """"]"	1	1	1
c06bed35e809b716dec805b1f1b9319e	normal	"["","", """", """"]"	"["","", """", """"]"	1	1	1
c09d3fd37b9b2d8da6819c45c3dfc687	human	"["","", ""\"""", """"]"	"["","", ""\"""", """"]"	1	1	1
c0dd8db31da7148681dc76e4dae9cd8b	normal	"["","", ""\"""", """"]"	"["","", ""\"""", """"]"	1	1	1
c0e0131afd6264de062c44a247bd4e5c	human	"["","", """", """"]"	"["","", """", """"]"	1	1	1
c145b5a0ee3e3b34312aa2fcaea3fac7	normal	"["","", ""\"""", """"]"	"["","", ""\"""", """"]"	1	1	1
c1d9a9d12b992c323a48b54b067b7129	human	"["","", """", """"]"	"["","", """", """"]"	1	1	1
c223ccf9ccaaa77f7d949b25e8841524	normal	"["","", ""\"""", """"]"	"["","", ""\"""", """"]"	1	1	1
c2cc5d32a4394982025627e04306b293	human	"["","", ""\"""", """"]"	"["","", ""\"""", """"]"	1	0	1
c2e4a5dfc8acc7c112d68da97a3a2c45	normal	"["";"", ""\"""", """"]"	"["";"", ""\"""", """"]"	1	1	1
c34be5f5801bbd9210072bfe2b65cb1a	human	"["","", ""\"""", """"]"	"["","", ""\"""", """"]"	1	1	1
c3811c3ca7b8e3c0c73563bc1a9c3fb9	normal	"["","", ""\"""", """"]"	"["","", ""\"""", """"]"	1	0	1
c3f0494678bb33777e132106facb2504	human	"["","", """", """"]"	"["","", """", """"]"	1	1	1
c4a6c4cd1767185d9bbf57aaff6700ff	human	"["","", ""\"""", """"]"	"["","", ""\"""", """"]"	1	0	1
c6326dc93efd3bb033ed4c957aa7fb85	human	"["","", ""\"""", """"]"	"["","", ""\"""", """"]"	1	1	1
c633cde165095fea383d3026057c4c83	human	"["","", ""\"""", """"]"	"["","", ""\"""", """"]"	1	0	1
c6e27821bbc60d0c0c6f92f9c53f2c42	normal	"["""", """", """"]"	"["""", """", """"]"	1	0	1
c786d3b50de74c6908d0355f0a5d0a08	normal	"["","", """", """"]"	"["","", """", """"]"	1	0	1
c7f19f02899a9ce5d92898fcef218451	human	"["","", ""\"""", """"]"	"["","", ""\"""", """"]"	1	0	1
c8033c974557d607215a54bf1e7ed708	human	"["","", ""\"""", """"]"	"["","", ""\"""", """"]"	1	1	1
c83f2b0b6084258941f8206bffe58efe	human	"["","", """", """"]"	"["","", """", """"]"	1	1	1
c84167af440bc4fad57b16d659835c47	normal	"["","", """", """"]"	"["","", """", """"]"	1	1	1
c8773e8b9df1dda40fcd864dddd3946f	normal	"["","", ""\"""", """"]"	"["","", ""\"""", """"]"	1		1
c8d2d41ec8b8620c912b9ec3c4491ee5	human	"["","", ""\"""", """"]"	"["","", ""\"""", """"]"	1	0	1
c926f6876b5453c1a661752a178eb60e	human	"["","", ""\"""", """"]"	"["","", ""\"""", """"]"	1	1	1
c96088144765d4434d867936f7d65c81	human	"["","", ""\"""", """"]"	"["","", ""\"""", """"]"	1	0	1
c971d14ddf55c24cce3996bf65356a2e	normal	"[""\t"", ""\"""", """"]"	"[""\t"", ""\"""", """"]"	1	1	1
c9a723eca2dbd255ff942a0f3515d15e	normal	"["","", """", """"]"	"["","", """", """"]"	1		1
c9f18bc7a2d398a3b91469344f7e62e5	human	"["","", """", """"]"	"["","", """", """"]"	1	0	1
c9f2a9900e6ac85ce4f035dedc4eae7c	human	"["","", ""\"""", """"]"	"["","", ""\"""", """"]"	1	0	1
ca0b7b76074b9dc55d7c458ea3e11e0c	human	"["","", ""\"""", """"]"	"["","", ""\"""", """"]"	1	0	1
ca112a78e2bb7212a85eeba0fbfddcdb	normal	"["","", """", """"]"	"["","", """", """"]"	1	0	1
ca4cf3e07962ec319c5154d0bfbd1a1f	normal	"["","", """", """"]"	"["","", """", """"]"	1	0	1
ca50a723363290f2967fd601442dd944	human	"["","", ""\"""", """"]"	"["","", ""\"""", """"]"	1	1	1
ca88d2c6b70a4d396620ee4fc6060d66	human	"["","", ""\"""", """"]"	"["","", ""\"""", """"]"	1	1	1
cabe5f6ae092c6e3184da386c109ad4f	normal	"["";"", ""\"""", """"]"	"["";"", ""\"""", """"]"	1	1	1
cacaacef5bc7d580346e2182b7e2ce90	human	"["","", ""\"""", """"]"	"["","", ""\"""", """"]"	1	1	1
cad14917f3ff54730492a4bb75fd5113	human	"["","", """", """"]"	"["","", """", """"]"	1	1	1
cafb4a5f772886f491f2f2249e57f205	human	"["","", ""\"""", """"]"	"["","", ""\"""", """"]"	1	0	1
cb34529492709f3bf5b2e448dab70fb0	human	"["","", ""\"""", """"]"	"["","", ""\"""", """"]"	1	1	1
cb3c198cd24f00d31a692db28a3e815c	normal	"["","", ""\"""", """"]"	"["","", ""\"""", """"]"	1	1	1
cbbe2342623a70e379bf9186b19fd291	normal	"["","", """", """"]"	"["","", """", """"]"	1	0	1
cc4250e0578ac178c4ccd293ded7d0bf	human	"["","", ""\"""", """"]"	"["","", ""\"""", """"]"	1	1	1
cc5dc2bbd3e4d854e06195c75fdfef2c	human	"["","", ""\"""", """"]"	"["","", ""\"""", """"]"	1	0	1
cc94c20736296693f649ab436d24001d	human	"["","", ""\"""", """"]"	"["","", ""\"""", """"]"	1	0	1
cd832a2ddd2f62eb435f8fcd5f9b5c04	human	"["","", ""\"""", """"]"	"["","", ""\"""", """"]"	1	0	1
cde62db83cacb7d40e7cb893fc25ca23	human	"["","", ""\"""", """"]"	"["","", ""\"""", """"]"	1	1	1
ce0a7d808274c3f5c506ffe9b45cfb4f	human	"["","", """", """"]"	"["","", """", """"]"	1	0	1
ce9d7ef6ca801945b7a181f1a64e916f	normal	"["","", """", """"]"	"["","", """", """"]"	1	0	1
cf41d61b3903c380c6cb1d499cc217b2	normal	"["","", """", """"]"	"["","", """", """"]"	1	0	1
d0553a1293016675a3ca5ebc0c7b5992	human	"[""\t"", ""\"""", """"]"	"[""\t"", ""\"""", """"]"	1	1	1
d10bba72ece8a14df3e6905797a228fb	human	"["","", """", """"]"	"["","", """", """"]"	1	0	1
d1135d6f06204cf18bd370432d06cc4c	normal	"["","", """", """"]"	"["","", """", """"]"	1	1	1
d1809195f88c29175ba0996bd340ae00	human	"["","", """", """"]"	"["","", """", """"]"	1	1	1
d19cb5da867757453307dcd10bb69621	normal	"["","", """", """"]"	"["","", """", """"]"	1		1
d19fabcec89f69f91225fd297e1c9ed5	normal	"["","", ""\"""", """"]"	"["","", ""\"""", """"]"	1	0	1
d20089b65f24b91e7491a47446bfdbc1	human	"["","", ""\"""", """"]"	"["","", ""\"""", """"]"	1	0	1
d27a3a7986fd5a98400b9ef230469250	human	"["","", """", """"]"	"["","", """", """"]"	1		1
d2c230bf5d4163377b40f73ed9c55912	human	"[""\t"", """", """"]"	"[""\t"", """", """"]"	1	0	1
d307efd1c0fab471cb1db70ae81302a5	normal	"["","", """", """"]"	"["","", """", """"]"	1	0	1
d3303b3bd1e04db10234ee1ef0e50291	normal	"["","", ""\"""", """"]"	"["","", ""\"""", """"]"	1	1	1
d39bd2447cdc99b3147582c9c8bbd7e1	human	"["","", ""\"""", """"]"	"["","", ""\"""", """"]"	1	1	1
d43bb22c86c8c7f484ebd85d41a9c681	normal	"["","", """", """"]"	"["","", """", """"]"	1	1	1
d4412800845e1113a3170a07c5e214c0	human	"["","", ""\"""", """"]"	"["","", ""\"""", """"]"	1	0	1
d46442906497349aad5e9bc75c10ac56	normal	"["","", """", """"]"	"["","", """", """"]"	1	0	1
d484d3eda197d0d6e803c53576736d56	human	"["","", """", """"]"	"["","", """", """"]"	1	1	1
d499b93865902750758e4fb829caae44	human	"["","", ""\"""", """"]"	"["","", ""\"""", """"]"	1	0	1
d5352a255f89160367106a52b81fd455	human	"["","", ""\"""", """"]"	"["","", ""\"""", """"]"	1	1	1
d57e07cb3d6e23e4dc04edf4ae5a0d66	human	"["";"", """", """"]"	"["";"", """", """"]"	1	1	1
d5a936d0dd1799eb5110fc95d2669037	human	"["","", """", """"]"	"["","", """", """"]"	1	1	1
d5bb2b34e28303f3dc6c6c4fb6ff1dbd	human	"["""", """", """"]"	"[""\u2030"", ""'"", ""@""]"	0	1	1
d672a25b23150628455ef07bba0a384a	normal	"["","", ""\"""", """"]"	"["","", ""\"""", """"]"	1	0	1
d6bce6a8b5b9694d25ac82f454f4c1ec	human	"["","", """", """"]"	"["","", """", """"]"	1	0	1
d6cec03861ac38c8fd6e418c4a6318d0	human	"["","", ""\"""", """"]"	"["","", ""\"""", """"]"	1	1	1
d7a82628cec2b682b007b952f97a5f86	human	"[""\t"", """", """"]"	"[""\t"", """", """"]"	1	1	1
d7b3de80cf2aa2ee66fe3981a6154d89	normal	"["","", ""\"""", """"]"	"["","", ""\"""", """"]"	1	1	1
d7c7e098c0290f3a2575c34433124c3f	normal	"["","", """", """"]"	"["","", """", """"]"	1	1	1
d7c991337e126b51a139aa84a1c5371c	human	"["","", ""\"""", """"]"	"["","", ""\"""", """"]"	1	0	1
d8398fa164f02f38011fea49e4278127	human	"[""\t"", ""\"""", """"]"	"[""\t"", ""\"""", """"]"	1	0	1
d88f55b599fdde26ef1cc19edf0902c6	human	"["","", ""\"""", """"]"	"["","", ""\"""", """"]"	1	1	1
d8e66740f9540369ace4dfe377dd0945	human	"["","", """", """"]"	"["","", """", """"]"	1	0	1
d944f467eb696e8612ff02cf27d29d8d	human	"["","", ""\"""", """"]"	"["","", ""\"""", """"]"	1		1
d95f97c9397ce956b120428d6883843e	human	"["","", ""\"""", """"]"	"["","", ""\"""", """"]"	1	0	1
d963b155c8301da6bdf86ae9d965d205	normal	"["","", """", """"]"	"["","", """", """"]"	1	1	1
da561a1a2b1cafada349ae8c7d9c7acd	normal	"["","", ""\"""", """"]"	"["","", ""\"""", """"]"	1	1	1
da9b3089281e56a404ee00b4492ea0ec	human	"["","", ""\"""", """"]"	"["","", ""\"""", """"]"	1	1	1
daba21d3ff21506784b35dab0c553d16	human	"["";"", """", """"]"	"["";"", """", """"]"	1	1	1
db3edb38ed56dac1c4b93fef66441407	human	"["","", ""\"""", """"]"	"["","", ""\"""", """"]"	1	1	1
db9b7f9263a6c19076fb2226200411e0	human	"["","", ""\"""", """"]"	"["","", ""\"""", """"]"	1	1	1
dbaded9e6daf24d69bfe042ac3f52d57	normal	"["","", ""\"""", """"]"	"["","", ""\"""", """"]"	1	1	1
dbb48d4cc573388796f4480bdfb20830	human	"["","", ""\"""", """"]"	"["","", ""\"""", """"]"	1	1	1
dbe36ccd110334b528d5e66e5203aefd	human	"["":"", """", """"]"	"["":"", """", """"]"	1	0	1
dbffe21648fbd698e675ecfce47db0b7	human	"["","", ""\"""", """"]"	"["","", ""\"""", """"]"	1	1	1
dc19a7eef16e95d2d9d74c2d3b644e3b	human	"["","", ""\"""", """"]"	"["","", ""\"""", """"]"	1	1	1
dc41b9af4bc3f15e5e09e7677b007a09	human	"["","", ""\"""", """"]"	"["","", ""\"""", """"]"	1	0	1
dc43e50abc20df4b863dae2a3f779cfe	human	"["","", ""\"""", """"]"	"["","", ""\"""", """"]"	1	0	1
dc894dfdea2022e26b22943c00f4b517	human	"["","", ""\"""", """"]"	"["","", ""\"""", """"]"	1	1	1
dcb16f35625ddc49430b282c04917d25	human	"["","", """", """"]"	"["","", """", """"]"	1	1	1
dd27e15084aca8120a737d24d6e5f582	human	"["","", ""\"""", """"]"	"["","", ""\"""", """"]"	1	0	1
dd2bee68176391873bd23cd6b41e0155	human	"["","", ""\"""", """"]"	"["","", ""\"""", """"]"	1	0	1
dd60432bfd3c389504352e350b2a0e2c	normal	"["","", """", """"]"	"["","", """", """"]"	1	0	1
de186bd9a3ae51bde1c325cd3e35b712	human	"["","", ""\"""", """"]"	"["","", ""\"""", """"]"	1	0	1
de69ee1316aa9d364742a5b4c779f46e	human	"["","", ""\"""", """"]"	"["","", ""\"""", """"]"	1	0	1
de7178223921be470b439180eb7509bf	normal	"["","", ""\"""", """"]"	"["","", ""\"""", """"]"	1		1
dea5cbba53416e91c93d005f239994c5	normal	"["","", """", """"]"	"["","", """", """"]"	1	1	1
df28e0f586f7efdceaa9af0718f0592e	human	"["","", """", """"]"	"["","", """", """"]"	1	1	1
df311fc488934e0292714d2240099d71	human	"["","", """", """"]"	"["","", """", """"]"	1	1	1
df75c442aa6b6c0233185f39f5fe018c	normal	"["","", """", """"]"	"["","", """", """"]"	1	1	1
e01a00e1f07bd3ce272c7a74c1fab3fd	human	"["","", ""\"""", """"]"	"["","", ""\"""", """"]"	1	1	1
e049ecfc70abb8f48a4f560b8e0d3721	normal	"[""\t"", ""\"""", """"]"	"[""\t"", ""\"""", """"]"	1	1	1
e085b0ec6b0d8721a436b4a40fcd59b0	normal	"["","", ""\"""", """"]"	"["","", ""\"""", """"]"	1	1	1
e122754dca7ca45499dccc1db72242b8	human	"[""\t"", """", """"]"	"[""\t"", """", """"]"	1	1	1
e14467805fdf9c400513d4596e6c2d9a	normal	"["","", """", """"]"	"["","", """", """"]"	1	1	1
e239b94fd04710b5932a9b469eca8e53	human	"["","", """", """"]"	"["","", """", """"]"	1	1	1
e29f3eac043ff05cbdf308be44c7e9eb	normal	"["";"", """", """"]"	"["";"", """", """"]"	1	1	1
e2c6e3bced6e075ede1fdc6fd55537c1	human	"["","", ""\"""", """"]"	"["","", ""\"""", """"]"	1	1	1
e2d1ee54d174756bf6f03b70fbd1b473	human	"["","", ""\"""", """"]"	"["","", ""\"""", """"]"	1	0	1
e382a8ffa6ae5c2c94543a7b3ff72a2c	human	"["","", ""\"""", """"]"	"["","", ""\"""", """"]"	1	0	1
e3cfae422b7786ae9ffec4d2f07302eb	normal	"["","", """", """"]"	"["","", """", """"]"	1	1	1
e44ae0f3857c5765cb5ccb7e3f4069a9	human	"["","", """", """"]"	"[""%"", """", """"]"	0	0	1
e4a0faccc4af9c9541ab8271278400d9	human	"["","", ""\"""", """"]"	"["","", ""\"""", """"]"	1	0	1
e4b90d63fc950102daba34ccc0e95701	human	"["","", ""\"""", """"]"	"["","", ""\"""", """"]"	1	0	1
e4ed57373657e53dd69c20ad49187311	human	"["","", """", """"]"	"["":"", """", """"]"	0	0	1
e4fca6128ed8d92edb7d1a936322dfce	human	"["","", """", """"]"	"["","", """", """"]"	1	1	1
e53895675a28af6b7377d18b81d42891	human	"["","", ""\"""", """"]"	"["","", ""\"""", """"]"	1	0	1
e57a0958ccf0d391931ac91da33822da	human	"["","", ""\"""", """"]"	"["","", ""\"""", """"]"	1	1	1
e5aabfdf6ea6856c81871c3b26e06fc8	human	"["","", ""\"""", """"]"	"["","", ""\"""", """"]"	1	1	1
e5d4742751c715f8d33fd82b718801cc	normal	"["","", """", """"]"	"["","", """", """"]"	1	0	1
e5fb8280d0121960f432ab8f060d813f	normal	"["","", ""\"""", """"]"	"["","", ""\"""", """"]"	1	1	1
e6a8f0fbf36033a88933d41e8e34053e	normal	"["","", ""\"""", """"]"	"["","", ""\"""", """"]"	1	1	1
e6f5284cd72fdf2d0cc054ef4be5cf6d	human	"["","", """", """"]"	"["","", """", """"]"	1	0	1
e76269921647c1d0445152d4279dc1b0	normal	"["","", """", """"]"	"["","", """", """"]"	1	0	1
e7913ae0a832acd01977f7d04f36bf2f	human	"["","", ""\"""", """"]"	"["","", ""\"""", """"]"	1	0	1
e7c1634f3659f9e894d6696945dfaded	human	"["","", """", """"]"	"["","", """", """"]"	1	1	1
e7cb2ae75b1ed4a4a27ddc71193b4982	human	"["","", """", """"]"	"["","", """", """"]"	1	1	1
e7df0f032b9a8306d5d56956374a1298	human	"["","", ""\"""", """"]"	"["","", ""\"""", """"]"	1	1	1
e81de2642aec7ce62969233a028107e0	normal	"["","", """", """"]"	"["","", """", """"]"	1	1	1
e885c7c86712ab2bc474f1d1be70eef6	human	"["","", ""\"""", """"]"	"["","", ""\"""", """"]"	1	0	1
e8ad04604bea0f7706b49afc6d4bdeba	human	"["","", ""\"""", """"]"	"["","", ""\"""", """"]"	1	0	1
e912c1a2ec3a4c4b5628516a65e8e4c2	human	"["","", ""\"""", """"]"	"["","", ""\"""", """"]"	1	1	1
e91cf49214240031015ff7fa3f7cd008	normal	"["","", ""\"""", """"]"	"["","", ""\"""", """"]"	1	1	1
ea303c085181f197b2f697dd89646213	human	"["","", """", """"]"	"["","", """", """"]"	1	0	1
ea5b9020ad4bef5370baf0eedc756368	human	"["","", """", """"]"	"["","", """", """"]"	1	1	1
ea868fafe62f4180e54059c20f5c9045	human	"["","", """", """"]"	"["","", """", """"]"	1	0	1
eac5d79977fb54c2f16f7c4aa34fc328	normal	"["","", """", """"]"	"["","", """", """"]"	1	1	1
eb11dbf1de747438ccca25d390bed5fa	human	"["","", ""\"""", """"]"	"["","", ""\"""", """"]"	1	0	1
eb53d05a2237309a5e65e17657dd57ba	normal	"["","", """", """"]"	"["","", """", """"]"	1	1	1
eb5493561d3dea0666e43cc2dc5efe2b	normal	"["","", """", """"]"	"["","", """", """"]"	1	1	1
eb75bf550af343fa9d248cc5b3f7bbab	normal	"["","", """", """"]"	"["","", """", """"]"	1	0	1
eb9211abd973841301de57cbd7572878	human	"["","", ""\"""", """"]"	"["","", ""\"""", """"]"	1	1	1
eba9e7ad3c305f9c1ddc56bd83366d39	normal	"["","", ""\"""", """"]"	"["","", ""\"""", """"]"	1	0	1
ec12966ae30aae4101381d65a94413e5	human	"["","", """", """"]"	"["","", """", """"]"	1	0	1
ed1abe11d7738bf6ceb0a2ae4c62caee	human	"["","", """", """"]"	"["","", """", """"]"	1	1	1
ed2461fa30b1f07f5639901fb325e43e	human	"["","", ""\"""", """"]"	"["","", ""\"""", """"]"	1	0	1
ed37f9f96d57b8e2389c36ee857532b1	human	"[""|"", """", """"]"	"[""|"", """", """"]"	1	1	1
ed6291f8e204e52859df23a9ff02da18	normal	"["","", """", """"]"	"["","", """", """"]"	1	1	1
ed90e7933a993bebd2a7a7eb1b8b484b	human	"["","", ""\"""", """"]"	"["","", ""\"""", """"]"	1	0	1
edb28e9406c125b42ad7fd1a92a530cc	human	"["";"", """", """"]"	"["";"", """", """"]"	1	0	1
edd58fbb19b04000a4eb6bf5dcdd59dd	normal	"["","", """", """"]"	"["","", """", """"]"	1	0	1
ede1c853b641d51b9fb264af43620311	human	"["","", ""\"""", """"]"	"["","", ""\"""", """"]"	1	0	1
ee9348173bdf6a493842e81078c29322	human	"["","", ""\"""", """"]"	"["","", ""\"""", """"]"	1	1	1
eec7b69e3956632919be07fd2f468b2c	normal	"["","", ""\"""", """"]"	"["","", ""\"""", """"]"	1	1	1
eed3691d1cb9229b8bdcc109a76990f4	normal	"[""\t"", """", """"]"	"[""\t"", """", """"]"	1	0	1
ef15de810b3992210112c3f6a0701eeb	human	"["","", """", """"]"	"["","", """", """"]"	1	0	1
ef45828e8cc3d58658b70601f4968910	human	"["","", """", """"]"	"["","", """", """"]"	1	1	1
efb86705ba2bcf33ac83303b38d94622	normal	"["","", ""\"""", """"]"	"["","", ""\"""", """"]"	1	0	1
efeb3ab5ca93fc944bef4d8582b82461	normal	"["","", """", """"]"	"["","", """", """"]"	1	0	1
eff6388a4c89d51680194e36b11d4872	human	"["","", ""\"""", """"]"	"["","", ""\"""", """"]"	1	1	1
f00ba64b9a0f245323ac49fac9eac3c2	normal	"["","", ""\"""", """"]"	"["","", ""\"""", """"]"	1	0	1
f021e33539e99d587355abd3ce578e9b	normal	"["","", """", """"]"	"["","", """", """"]"	1	1	1
f0f771d49875ebbf19751745a92aee6a	human	"["";"", """", """"]"	"["";"", """", """"]"	1	1	1
f14cf212231e6491c23c4c01cdb82e18	human	"["","", """", """"]"	"["","", """", """"]"	1	1	1
f19f48d8143ba37f84ed196d919624b9	human	"["","", ""\"""", ""\\""]"	"["","", ""\"""", ""\\""]"	1	0	1
f24a64a8c5a7e47b3098367ba4912ac0	human	"["","", """", """"]"	"[""&"", """", """"]"	0	0	1
f282270187c7bbf8edfbc404591f792d	human	"["","", ""\"""", """"]"	"["","", ""\"""", """"]"	1	0	1
f29863a5e9bbca875e3853e405f14043	human	"["","", ""\"""", """"]"	"["","", ""\"""", """"]"	1	0	1
f377b1864a5fd4ab17775f4a66ebaf7f	human	"["" "", """", """"]"	"[""-"", """", """"]"	0	0	1
f3f12838acdf18cda35d8caf13f4d1d4	normal	"["","", ""\"""", """"]"	"["","", ""\"""", """"]"	1	1	1
f40187df229d63aa987ab18526ac4758	human	"["","", ""\"""", """"]"	"["","", ""\"""", """"]"	1	0	1
f4cc2641da48d78613e9c8994214b095	human	"["","", ""\"""", """"]"	"["","", ""\"""", """"]"	1	1	1
f4fe5805bf6edf00d6524d211f5856c8	human	"[""#"", """", """"]"	"[""#"", """", """"]"	1	1	1
f5493128ea1abe1b73dbdc374635f217	normal	"["","", ""\"""", """"]"	"["","", ""\"""", """"]"	1	1	1
f55737c3193bb897c42fe817f0bb7130	normal	"["","", ""\"""", """"]"	"["","", ""\"""", """"]"	1	1	1
f5ad528ac2d964aaf67548ec36bacfef	human	"["";"", """", """"]"	"["";"", """", """"]"	1	1	1
f60a4fc4a6db594f933f6bdfa7b126b9	human	"["","", """", """"]"	"["","", """", """"]"	1	0	1
f636e36ac6a6dce7b61c7473c79ca221	human	"["","", """", """"]"	"["","", """", """"]"	1	0	1
f69acca56f34976a5a1b8f8ee87dc6e1	human	"["","", """", """"]"	"["","", """", """"]"	1	0	1
f6bb7b44e4b768d87324719716b631bf	normal	"["","", """", """"]"	"["","", """", """"]"	1	1	1
f6bcc1e07b31e5275adea67d6be7e6f1	normal	"["","", ""\"""", """"]"	"["","", ""\"""", """"]"	1	1	1
f6f59985b5c01f4d96803533ed3d4634	human	"["","", ""\"""", """"]"	"["","", ""\"""", """"]"	1	0	1
f700d07613ca9bb701a14fc3bb1f1674	human	"["","", ""\"""", """"]"	"["","", ""\"""", """"]"	1	0	1
f717e76c99b161b612977cdae2df4e08	human	"["","", ""\"""", """"]"	"["","", ""\"""", """"]"	1	1	1
f78e18f8b5f15da4ae8a4c93fea6ac87	human	"["","", ""\"""", """"]"	"["","", ""\"""", """"]"	1	1	1
f791c8349345f406c1b2f5604e3be521	human	"["","", ""\"""", """"]"	"["","", ""\"""", """"]"	1	0	1
f7e2c6af75c91169a6fec53cea256dc3	human	"["" "", """", """"]"	"["" "", """", """"]"	1	0	1
f830a7151572b2109e053666bab71054	human	"["","", """", """"]"	"["","", """", """"]"	1	0	1
f849870418a9473065b8ec58b0bc704b	normal	"["","", ""\"""", """"]"	"["","", ""\"""", """"]"	1	1	1
f87fecb295d32f62ea1379f85ae8d8f4	human	"["","", ""\"""", """"]"	"["","", ""\"""", """"]"	1	1	1
f8ba6803b7fa2746f51d25be9332dee7	normal	"["","", ""\"""", """"]"	"["","", ""\"""", """"]"	1	1	1
f8c9745c96849ce164f3210e9e82a972	human	"["","", """", """"]"	"["","", """", """"]"	1	1	1
f8e2a794bc9c73e3f77c54ff1eddf25f	human	"["","", ""\"""", """"]"	"["","", ""\"""", """"]"	1	0	1
f94c5ccdbab481bcb4c3c7a79f0507ca	human	"["","", """", """"]"	"["","", """", """"]"	1	1	1
f9b7cb6d69998b9dd1821d8a3f6fd87c	human	"["";"", """", """"]"	"["";"", """", """"]"	1	1	1
f9fd9f4c4f9cbd88dab90e1c625e08ba	human	"["","", ""\"""", """"]"	"[""%"", ""\"""", """"]"	0	0	1
fa249e52a41cb4e966468899530114bb	normal	"["","", """", """"]"	"["","", """", """"]"	1	0	1
fa941011dbf206fee5df11724aabdd72	human	"[""\t"", """", """"]"	"[""\t"", """", """"]"	1	1	1
fb75d06cdf2679b5434caa94680f457e	human	"["","", ""\"""", """"]"	"["","", ""\"""", """"]"	1	0	1
fb9807a60b4e9d1e91dfe9e585f228b3	normal	"["","", """", """"]"	"["","", """", """"]"	1	0	1
fbe33324f03b64250f345c7bf9a26d73	normal	"["","", """", """"]"	"["","", """", """"]"	1	0	1
fc0d7e8c47bf02c8832b733bb0219ac5	normal	"["","", """", """"]"	"["","", """", """"]"	1	0	1
fc41b8a6802052412f1db624b2ccd407	human	"["","", ""\"""", """"]"	"["","", ""\"""", """"]"	1	1	1
fd98cf7c830c08e2f0359b51bf51ae05	human	"["","", ""\"""", """"]"	"["","", ""\"""", """"]"	1	1	1
fdd451fa6f528ff3089f3afc6466c562	human	"["","", ""\"""", """"]"	"["","", ""\"""", """"]"	1	0	1
fdd8980bf2d7de38bade03e065cc936c	human	"["";"", """", """"]"	"["";"", """", """"]"	1	0	1
fe161d7b7aff46ca611a471bab77bb4c	human	"["","", ""\"""", """"]"	"["","", ""\"""", """"]"	1	1	1
fe356a8e9b222ec5b33790818d511542	human	"["";"", """", """"]"	"["";"", """", """"]"	1	1	1
fe4abfb24688fa0b8e80f88b08a28ead	human	"["","", """", """"]"	"["","", """", """"]"	1	0	1
fea0085cc5350e829e17e221e1ab6df8	human	"["","", ""\"""", """"]"	"["","", ""\"""", """"]"	1	0	1
fee4561d1bb2ec893be9918013e13fd8	human	"["","", """", """"]"	"["","", """", """"]"	1	1	1
ff195747f13e7670481e56666301b7b9	human	"["","", ""\"""", """"]"	"[""_"", """", """"]"	0	1	1
ff561b512339df36134165fd39d54a9a	human	"["","", ""\"""", """"]"	"["","", ""\"""", """"]"	1	1	1
ff5a27a21aa24120f480c102dcc088c3	human	"["","", """", """"]"	"["","", """", """"]"	1	1	1
ff5af53567d59ac16f67c3eeed123b7e	human	"["","", """", """"]"	"["","", """", """"]"	1	0	1
