md5	header
6144c31d02f0ade2e4a26c3b5789cab3	1
aa228e7dd3fe436ada39133ebb004378	1
e7cb2ae75b1ed4a4a27ddc71193b4982	1
8864183df6c457fac4c69692e229148a	1
806c0a6dd38e9da955dd02e9598042bb	1
47097e1475b6c31d1c1347c006199d77	0
356c680aaab3a5940120108c043231bb	0
de69ee1316aa9d364742a5b4c779f46e	0
4f91995cd49150450c6dc24b4b5dff24	1
3603ea657c7856881148b19a8c86b578	0
38042ee0e59fd6a5e9c33495d44c912d	1
e76269921647c1d0445152d4279dc1b0	0
f6bb7b44e4b768d87324719716b631bf	1
eac5d79977fb54c2f16f7c4aa34fc328	
849753d3390e0c8b440922354430dd14	0
f40187df229d63aa987ab18526ac4758	1
638861bd58a7b495e233cf3b26593bea	1
7842ace6cd68ba161575bd41402437c5	1
1bb55ea87fe8694109fa0850b43774c5	0
2b678828781fb890c3718d240ec9ce37	1
29c322dadb7de83cc76a1ba7c6b1a131	1
940455f3d2eabc4a72f63f876b37a181	1
798b0bb73a60867efcf837b124dea218	1
8972ad7519668f56f804f6d897cfe342	1
5cdc787b72f55f9478af084518b053ef	1
482bffae343525444ae6529c61c96945	0
3bc46845a6b54dc819413f89b64378d7	1
7bed01499422c80ffdfff214d14eb6b3	1
4c1733855c85c19bd5abb896103ec433	1
2d1944789758fb290a26415a473c48ec	0
8a0e7600a1405cbe2b40993b18fe28ff	0
3a73c58b5bf348455c0d7289f4dace0c	0
b7232e4060c5f209f470e94c62bbf73e	1
4ef0fb53f9482e0199c4c76a49ee8696	
33fb22e38153691701602ffe0721a827	
5427d4dbacdc6aba88b86e0b55bfd361	0
58be8666c4ad2728bd143853a89b2fcc	1
83161c1fd1a0c3db9d4bed9b45fce079	1
bc335c8b6410acf73082d12136786bd7	
c7f19f02899a9ce5d92898fcef218451	
631f9b9d67b969bc423360924f4b94fd	1
2d25ad87214fbfc81aca5cddd3115c52	0
1d3a3adae5475f942c7f6722058ed535	1
619a58431b17c81ab17f476bd3047bbd	1
331d16c1896478472fa4f7998b7ba1a6	1
af6428cfac6ce33fe8989569dc39d0b1	1
3beb4aa862a25a83b2635d5dc4b9bfb7	1
e8ad04604bea0f7706b49afc6d4bdeba	1
20ed479386fe4fd2ed660823192b0099	1
7615980c1e91d42112fbff803f9883ae	
24329d7e6b80a984dfa7c6db7128923e	1
4c9bf35e96de057a76a30daa9c0fab49	1
341b9cd964e94bb3db28599d25153fd7	0
2bd198e7465a78e3cac10a47963fb784	1
d19fabcec89f69f91225fd297e1c9ed5	0
231ec924c8c214808e4bd77b1244da67	1
ad6b8927934631196063facb47c6f4c5	1
957534b7038e330bac710e8f21c630a2	1
58de11988c55a51c23c77c1039c06165	0
5171d291e8fec3055c3b7a5f23532455	1
f94c5ccdbab481bcb4c3c7a79f0507ca	1
7978051d76752b3c645e9c4f07f11afe	0
cc4250e0578ac178c4ccd293ded7d0bf	1
dc43e50abc20df4b863dae2a3f779cfe	0
63a25aed1eacc7d20a0ac742061c372a	0
38b5b9e5f8855d3b4b58615da01a8b4c	1
d19cb5da867757453307dcd10bb69621	1
df311fc488934e0292714d2240099d71	1
0b2acfa908b08850803407db6d82db30	1
cb34529492709f3bf5b2e448dab70fb0	1
aa27d75ad81a694ea86f133d7af619b2	0
aafa9f988c379722af2fe39bb0f2cb8b	0
01173939de9922f6df842304e5b70796	1
4ff2987a38c615f8c832430a05a6349c	1
b9682581b1b803c7356582595c7dc84a	
25982cadd91b910002239e4c4d71afe9	1
2b16e79057c817ece75fdc63ce43a334	1
b1bd37abbb036b320865cb8d225ce81b	1
2d69b3950a430a5e3d53c0bad3d2f10f	0
51f59167b88b58ad63dde9e0db1daf2e	0
7ac2c3e056e1084ffbade3bfd0fd6450	1
c2cc5d32a4394982025627e04306b293	0
9c91aec048cfcf8229ffebe2841f415b	
dd27e15084aca8120a737d24d6e5f582	1
eba9e7ad3c305f9c1ddc56bd83366d39	0
f6bcc1e07b31e5275adea67d6be7e6f1	1
1ed9d0b7a7a1dea9bcb1bdfd880abe3e	1
68530e2ad5cdaa4a6e0bec32601fe940	
808151cc3e7dbd97355c9b25755c751b	1
1b0ea2dbcf39038571a9773f2ea695a3	
3a723d26f475503b41f14db2f9c9368a	0
f636e36ac6a6dce7b61c7473c79ca221	0
cb3c198cd24f00d31a692db28a3e815c	1
c971d14ddf55c24cce3996bf65356a2e	1
d1809195f88c29175ba0996bd340ae00	0
89f4b201d9afe3f58935a86179360f04	1
d7a82628cec2b682b007b952f97a5f86	1
826ecd927a626f27e3a48265fd4a6c08	
9a2535912d43beaa2238257e5838069b	0
b311c3d4946459fd05d6b32726969bf7	1
